Model_Name,Model_link
"Lenovo IdeaPad 1 15AMN7 AMD Ryzen 5 15.6"" FHD Laptop with DDR5 RAM",https://www.startech.com.bd/lenovo-ideapad-1-15amn7-amd-ryzen-5-fhd-laptop
"Lenovo IdeaPad 1 15AMN7 AMD Ryzen 5 512GB SSD 15.6"" FHD Laptop with DDR5 RAM",https://www.startech.com.bd/lenovo-ideapad-1-15amn7-amd-ryzen-5-laptop
"Lenovo IdeaPad 3 15ALC6 AMD Ryzen 7 5700U 15.6"" FHD Laptop",https://www.startech.com.bd/lenovo-ideapad-3-15alc6-amd-ryzen-7-5700u-laptop
"Lenovo IdeaPad 3 15ALC6 AMD Ryzen 7 5700U 15.6"" FHD Laptop With WiFi 6",https://www.startech.com.bd/lenovo-ideapad-3-15alc6-ryzen-7-5700u-laptop
"Lenovo IdeaPad Gaming 3 15ACH6 Ryzen 5 5600H RTX 3050 4GB Graphics 15.6"" FHD Laptop",https://www.startech.com.bd/lenovo-ideapad-gaming-3-15ach6-ryzen-5-5600h-fhd-laptop
"Lenovo IdeaPad Gaming 3 15ACH6 Ryzen 5 5600H RTX 3050 4GB Graphics 15.6"" FHD Laptop",https://www.startech.com.bd/lenovo-ideapad-gaming-3-15ach6-ryzen-5-5600h-laptop
"Lenovo IdeaPad Gaming 3 15ACH6 Ryzen 5 5600H RTX 3050 4GB Graphics 15.6"" FHD Laptop",https://www.startech.com.bd/lenovo-ideapad-gaming-3-15ach6-ryzen-5-5600h-rtx-3060-laptop
"Lenovo LOQ 15APH8 Ryzen 7 7840HS RTX 3050 6GB Graphics 15.6"" FHD 144Hz Gaming Laptop",https://www.startech.com.bd/lenovo-loq-15aph8-ryzen-7-7840hs-gaming-laptop
"Lenovo LOQ 15APH8 Ryzen 7 7840HS RTX 4050 6GB Graphics 15.6"" FHD 144Hz Gaming Laptop",https://www.startech.com.bd/lenovo-loq-15aph8-ryzen-7-7840hs-rtx-4050-gaming-laptop
"Lenovo Legion 5 Pro 16ARH7H Ryzen 7 6800H RTX 3070 8GB Graphics 16"" 165Hz Gaming Laptop",https://www.startech.com.bd/lenovo-legion-5-pro-16arh7h-ryzen-7-gaming-laptop
"Toshiba Dynabook Satellite Pro C40-G-109 Celeron 5205U 14"" HD Laptop",https://www.startech.com.bd/toshiba-dynabook-satellite-pro-c40-g-109-laptop
"DOEL Freedom A9 AMD A9-9425 14.1"" HD Laptop",https://www.startech.com.bd/doel-freedom-a9-amd-a9-9425-laptop
"Toshiba Dynabook Satellite Pro C40-G-13F Celeron 5205U 14"" HD Laptop",https://www.startech.com.bd/toshiba-dynabook-satellite-pro-c40-g-13f-laptop
"Acer TravelMate TMB 311-31-C3CD Celeron N4020 11.6"" HD Laptop",https://www.startech.com.bd/acer-travelmate-tmb-311-31-c3cd-celeron-n4020-aptop
"Lenovo IdeaPad Slim 3i Intel Celeron N4020 15.6"" HD Laptop",https://www.startech.com.bd/lenovo-ideapad-slim-3i-intel-celeron-n4020-hd-laptop
"Lenovo IdeaPad Slim 3i Intel Celeron N4020 256GB SSD 15.6"" HD Laptop",https://www.startech.com.bd/lenovo-ideapad-slim-3i-celeron-n4020-hd-laptop
"Lenovo IdeaPad D330 10IGL Intel CDC N4020 10.1"" HD Touch Laptop",https://www.startech.com.bd/lenovo-ideapad-d330-cdc-n4020-laptop
"Lenovo IdeaPad Slim 3i 15IGL Intel Celeron N4020 15.6"" HD Laptop",https://www.startech.com.bd/lenovo-ideapad-slim-3i-intel-celeron-n4020-laptop
"Lenovo IdeaPad Slim 3i Intel Celeron N4020 15.6"" FHD Laptop",https://www.startech.com.bd/lenovo-ideapad-slim-3i-intel-celeron-n4020-fhd-laptop
"Asus Vivobook E210MA Celeron N4020 11.6"" HD Laptop",https://www.startech.com.bd/asus-vivobook-e410ma-celeron-n4020-hd-laptop
Asus P1511CMA Intel Celeron N4020 15.6-Inch HD Laptop,https://www.startech.com.bd/asus-p1511cma-intel-celeron-n4020-hd-laptop
"Walton Prelude N40 Pro Celeron N4020 14"" FHD Laptop",https://www.startech.com.bd/walton-prelude-n40-pro-celeron-n4020-laptop
"Asus Vivobook X515MA Celeron N4500 15.6"" HD Laptop",https://www.startech.com.bd/asus-vivobook-x515ma-celeron-n4500-laptop
"Asus Vivobook X515KA Celeron N4500 15.6"" FHD Laptop",https://www.startech.com.bd/asus-vivobook-x515ka-celeron-n4500-fhd-laptop
"Walton Prelude N41 Pro Celeron N4120 14"" FHD Laptop",https://www.startech.com.bd/walton-prelude-n41-pro-celeron-n4120-laptop
"HP 15s-fq3617TU Celeron N4500 15.6"" FHD Laptop",https://www.startech.com.bd/hp-15s-fq3617tu-celeron-n4500-laptop
"Walton Prelude N50 Pro Pentium Silver N5030 14"" FHD Laptop",https://www.startech.com.bd/walton-prelude-n50-pro-pentium-silver-n5030-laptop
"Asus Vivobook E410MA Celeron N4020 14"" HD Laptop",https://www.startech.com.bd/asus-vivobook-e410ma-celeron-n4020-14-inch-hd-laptop
"Toshiba Dynabook Satellite Pro C40-G-11I Core i3 10th Gen 14"" HD Laptop",https://www.startech.com.bd/toshiba-dynabook-satellite-pro-c40-g-11i-laptop
"Acer Extensa 15 EX215-54-37AH Core i3 11th Gen 15.6"" FHD Laptop",https://www.startech.com.bd/acer-extensa-15-ex215-54-37ah-core-i3-11th-gen-laptop
"Asus VivoBook 14 X415FA Core i3 10th Gen 14"" FHD Laptop",https://www.startech.com.bd/asus-vivobook-14-x415fa-core-i3-10th-gen-laptop
"Asus VivoBook 15 R565FA Core i3 10th Gen 15.6"" HD Laptop",https://www.startech.com.bd/asus-vivobook-15-r565fa-core-i3-10th-gen-laptop
"Asus VivoBook 14 X415FA Core i3 10th Gen 256GB SSD 14"" FHD Laptop",https://www.startech.com.bd/asus-vivobook-14-x415fa-core-i3-10th-gen-fhd-laptop
"ASUS VivoBook 15 X515JA Core i3 10th Gen 15.6"" FHD Laptop",https://www.startech.com.bd/asus-vivobook-15-x515ja-core-i3-10th-gen-laptop
"Asus VivoBook 15 E510MA Intel Celeron N4020 15.6"" FHD Laptop",https://www.startech.com.bd/asus-vivobook-15-e510ma-celeron-n4020-fhd-laptop
"Asus ExpertBook BR1100FKA Celeron N4500 11.6"" 360° HD LED Touch Education Laptop",https://www.startech.com.bd/asus-expertbook-br1100fka-celeron-n4500-hd-led-touch-laptop
"HP 15s-eq1578AU AMD Athlon 3050U 15.6"" FHD Laptop",https://www.startech.com.bd/hp-15s-eq1578au-amd-athlon-3050u-fhd-laptop
"DOEL T10 Core i3 10th Gen 14"" FHD Laptop",https://www.startech.com.bd/doel-t10-core-i3-10th-gen-laptop
"Walton Passion BX310U Core i3 10th Gen 15.6"" FHD Laptop",https://www.startech.com.bd/walton-passion-bx310u-core-i3-10th-gen-laptop
"Lenovo IdeaPad 1 15ADA7 AMD Ryzen 3 3250U 15.6"" FHD Laptop",https://www.startech.com.bd/lenovo-ideapad-1-15ada7-ryzen-3-fhd-laptop
"Dell Vostro 14 3400 Core i3 11th Gen 14"" HD Laptop",https://www.startech.com.bd/dell-vostro-14-3400-laptop
"Lenovo IdeaPad Slim 1 15AMN7 Ryzen 3 7320U 15.6"" FHD Laptop",https://www.startech.com.bd/lenovo-ideapad-slim-1-15amn7-ryzen-3-7320u-fhd-laptop
ASUS D415DA Ryzen 3 3250U 14-inch HD Laptop,https://www.startech.com.bd/asus-d415da-ryzen-3-3250u-hd-laptop
"ASUS VivoBook 15 M515DA Ryzen 3 3250U 15.6"" HD Laptop",https://www.startech.com.bd/asus-vivobook-15-m515da-ryzen-3-3250u-hd-laptop
"ASUS VivoBook 15 X515JA Core i3 10th Gen 512GB SSD 15.6"" FHD Laptop",https://www.startech.com.bd/asus-vivobook-15-x515ja-i3-10th-gen-fhd-laptop
"ASUS VivoBook 15 X515EA Core i3 11th Gen 15.6"" FHD WV Laptop",https://www.startech.com.bd/asus-vivobook-15-x515ea-i3-11th-gen-laptop
"ASUS VivoBook 15 X515EA Core i3 11th Gen 15.6"" FHD Laptop",https://www.startech.com.bd/asus-vivobook-15-x515ea-i3-11th-gen-15-6-inch-fhd-laptop
"Microsoft Surface Go 2 Pentium Gold 4GB RAM 64GB SSD 10.5"" Touch Laptop",https://www.startech.com.bd/microsoft-surface-go-2-pentium-gold-laptop
"Lenovo IdeaPad Slim 3i 11th Gen Core i3 256GB SSD 15.6"" Full HD Laptop with Windows 11",https://www.startech.com.bd/lenovo-ideapad-slim-3i-core-i3-11th-fhd-gen-256gb-ssd-laptop
"Lenovo V14 Core i3 11th Gen 14"" Full HD Laptop",https://www.startech.com.bd/lenovo-v14-core-i3-11th-gen-full-hd-laptop
"Acer Aspire 3 A315-24P Ryzen 3 7320U 15.6"" FHD Laptop",https://www.startech.com.bd/acer-aspire-3-a315-24p-ryzen-3-7320u-laptop
"Lenovo IdeaPad Slim 3i Core i3 11th Gen 4GB RAM 15.6"" FHD Laptop",https://www.startech.com.bd/lenovo-ideapad-slim-3i-core-i3-11th-gen-laptop
"Dell Vostro 14 3400 Core i3 11th Gen 14"" HD Laptop Backlit Keyboard with 256GB SSD+1TB HDD (03 Years Warranty)",https://www.startech.com.bd/dell-vostro-14-3400-core-i3-hd-laptop
"Acer Extensa 15 EX215-23 AMD Ryzen 3 7320U 15.6"" Laptop",https://www.startech.com.bd/acer-extensa-15-ex215-23-amd-ryzen-3-7320u-laptop
"ASUS VivoBook 15 D515DA Ryzen 3 3250U 15.6"" FHD Laptop with Windows 11",https://www.startech.com.bd/asus-vivobook-15-d515da-ryzen-3-laptop
"MSI Modern 14 C11M Core i3 11th Gen 14"" FHD Laptop",https://www.startech.com.bd/msi-modern-14-c11m-core-i3-11th-gen-fhd-laptop
"ASUS VivoBook 15 D515DA Ryzen 3 3250U 15.6"" FHD Laptop",https://www.startech.com.bd/asus-vivobook-15-d515da-ryzen-3-3250u-laptop
"Lenovo IdeaPad Slim 3i Core i3 11th Gen 14"" FHD Laptop",https://www.startech.com.bd/lenovo-ideapad-slim-3i-core-i3-11th-gen-14-inch-fhd-laptop
"Lenovo IdeaPad Slim 3i Core i3 11th Gen 14"" FHD Laptop Abyss Blue",https://www.startech.com.bd/lenovo-ideapad-slim-3i-core-i3-11th-gen-14-inch-fhd-laptop-abyss-blue
"HP 15s-eq2618AU Ryzen 3 5300U 15.6"" HD Laptop",https://www.startech.com.bd/hp-15s-eq2618au-ryzen-3-5300u-laptop
"ASUS VivoBook 15 X515EA Core i3 11th Gen 512GB SSD 15.6"" FHD Laptop",https://www.startech.com.bd/asus-vivobook-15-x515ea-core-i3-11th-gen-fhd-laptop
"Lenovo IdeaPad Slim 3i 11th Gen Core i3 8GB RAM 14"" FHD Laptop with Windows 11",https://www.startech.com.bd/lenovo-ideapad-slim-3i-core-i3-11th-fhd-gen-8gb-ram-14-inch-laptop
"Walton Tamarind MX311G Core i3 11th Gen 14"" FHD Laptop",https://www.startech.com.bd/walton-tamarind-mx311g-core-i3-11th-gen-laptop
"Acer Aspire 3 A315-59 Core i3 12th Gen 15.6"" FHD Laptop",https://www.startech.com.bd/acer-aspire-3-a315-59-core-i3-12th-gen-laptop
"Acer A315-59-390P Core i3 12th Gen 15.6"" FHD Laptop",https://www.startech.com.bd/acer-a315-59-390p-core-i3-12th-gen-fhd-laptop
"Acer Aspire 3 A315-59-34TO Core i3 12th Gen 15.6"" FHD Laptop",https://www.startech.com.bd/acer-aspire-3-a315-59-34to-core-i3-12th-gen-fhd-laptop
"Acer Aspire 3 A315-59-39P4 Core i3 12th Gen 15.6"" FHD Laptop",https://www.startech.com.bd/acer-aspire-3-a315-59-39p4-core-i3-12th-gen-fhd-laptop
"HP 15s-fq5486TU Core i3 12th Gen 15.6"" FHD Laptop",https://www.startech.com.bd/hp-15s-fq5486tu-core-i3-12th-gen-laptop
"Dell Inspiron 15 3525 Ryzen 3 5425U 15.6"" FHD Laptop",https://www.startech.com.bd/dell-inspiron-15-3525-ryzen-3-5425u-fhd-laptop
"Acer Aspire 3 A315-510P Core i3-N305 15.6"" FHD Laptop",https://www.startech.com.bd/acer-aspire-3-a315-510p-core-i3-n305-laptop
"Asus ExpertBook B1 B1500CEAE Core i3 11th Gen 1TB HDD 15.6"" FHD Laptop",https://www.startech.com.bd/asus-expertbook-b1-b1500ceae-core-i3-fhd-laptop
"ASUS VivoBook 15 X515EA Core i3 11th Gen 8GB RAM 512GB SSD 15.6"" FHD Laptop",https://www.startech.com.bd/asus-vivobook-15-x515ea-core-i3-laptop
"Acer TravelMate TMP214-53 Core i3 11th Gen 8GB RAM 14"" FHD Laptop",https://www.startech.com.bd/acer-travelmate-tmp214-53-core-i3-11th-gen-fhd-laptop
"ASUS VivoBook 15 X515JA Core i5 10th Gen 15.6"" FHD Laptop",https://www.startech.com.bd/asus-vivobook-15-x515ja-core-i5-10th-gen-fhd-laptop
"Lenovo IdeaPad Slim 3i Core i3 11th Gen 512GB SSD 14"" FHD Laptop",https://www.startech.com.bd/lenovo-ideapad-slim-3i-i3-11th-gen-14-inch-fhd-laptop
"Acer Aspire 3 A315-24P Ryzen 5 7520U 15.6"" FHD Laptop",https://www.startech.com.bd/acer-aspire-3-a315-24p-ryzen-5-7520u-laptop
"ASUS VivoBook 15 X1500EA Core i3 11th Gen 15.6"" FHD Laptop",https://www.startech.com.bd/asus-vivobook-15-x1500ea-core-i3-11th-gen-laptop
"ASUS VivoBook 15 X1500EA Core i3 11th Gen 512GB SSD 15.6"" FHD Laptop",https://www.startech.com.bd/asus-vivobook-15-x1500ea-core-i3-11th-gen-fhd-laptop
"ASUS VivoBook 15 X515JA Core i5 10th Gen 8GB RAM 15.6"" FHD Laptop",https://www.startech.com.bd/asus-vivobook-15-x515ja-core-i5-laptop
"ASUS VivoBook 15 X1502ZA Core i3 12th Gen 256GB SSD 15.6"" FHD Laptop",https://www.startech.com.bd/asus-vivobook-15-x1502za-core-i3-12th-gen-fhd-laptop
"Huawei MateBook D15 Core i3 11th Gen 15.6"" FHD Laptop",https://www.startech.com.bd/huawei-matebook-d15-core-i3-11th-gen-laptop
"HUAWEI MateBook B3-520 Core i3 11th Gen 15.6"" FHD Laptop",https://www.startech.com.bd/huawei-matebook-b3-520-core-i3-11th-gen-laptop
"Walton Passion BX510U Core i5 10th Gen 15.6"" FHD Laptop",https://www.startech.com.bd/walton-passion-bx510u-core-i5-10th-gen-laptop
"HP 15s-fq5786TU Core i3 12th Gen 15.6"" FHD Laptop",https://www.startech.com.bd/hp-15s-fq5786tu-core-i3-12th-gen-laptop
"Dell Inspiron 15 3520 Core i3 12th Gen 15.6"" FHD Laptop",https://www.startech.com.bd/dell-inspiron-15-3520-core-i3-fhd-laptop
"ASUS VivoBook 15 X515JA Core i5 10th Gen 15.6"" FHD Laptop with 256GB SSD+1TB HDD",https://www.startech.com.bd/asus-vivobook-15-x515ja-i5-10th-gen-fhd-laptop
"ASUS VivoBook 15 X1502ZA Core i3 12th Gen 8GB RAM 15.6"" FHD Laptop",https://www.startech.com.bd/asus-vivobook-15-x1502za-i3-12th-gen-fhd-laptop
"Asus Vivobook S15 S513EA Core i3 11th Gen 4GB RAM 15.6"" OLED FHD Laptop",https://www.startech.com.bd/asus-vivobook-s15-s513ea-core-i3-11th-gen-oled-fhd-laptop
"Lenovo K14 Core i3 11th Gen 14"" FHD Business Series Laptop",https://www.startech.com.bd/lenovo-k14-core-i3-11th-gen-laptop
"Lenovo IP Slim 3 15ABR8 Ryzen 5 15.6"" FHD Laptop (Ram Not Upgradable)",https://www.startech.com.bd/lenovo-ideapad-slim-3-15abr8-ryzen-5-7530u-fhd-laptop
"Acer Aspire 5 5P-A515-58P Core i3 13th Gen 15.6"" FHD Laptop",https://www.startech.com.bd/acer-aspire-5-5p-a515-58p-i3-13th-gen-laptop
"Acer TravelMate P214-53 Core i5 11th Gen 14"" FHD Laptop",https://www.startech.com.bd/acer-travelmate-p214-53-core-i5-11th-gen-laptop
"Lenovo IdeaPad Gaming 3 15ARH7 Ryzen 5 7535HS RTX 4050 6GB Graphics 15.6"" FHD Laptop",https://www.startech.com.bd/lenovo-ideapad-gaming-3-15arh7-ryzen-5-7535hs-fhd-laptop
"Lenovo IdeaPad 3 Ryzen 7 5700U 15.6"" FHD Laptop with Windows 11",https://www.startech.com.bd/lenovo-ideapad-3-ryzen-7-laptop
"ASUS VivoBook 15 X515EA Core i5 11th Gen 15.6"" FHD Laptop",https://www.startech.com.bd/asus-vivobook-15-x515ea-i5-11th-gen-laptop
"ASUS VivoBook 14 X1402ZA Core i3 12th Gen 14"" FHD Laptop",https://www.startech.com.bd/asus-vivobook-14-x1402za-core-i3-12th-gen-fhd-laptop
"Lenovo IP Slim 3 15ABR8 Ryzen 7 15.6"" FHD Laptop (Ram Not Upgradable)",https://www.startech.com.bd/lenovo-ideapad-slim-3-15abr8-ryzen-7-7730u-fhd-laptop
"Lenovo IdeaPad Gaming 3 15ARH7 Ryzen 7 7735HS RTX 3050 6GB Graphics 15.6"" FHD Laptop",https://www.startech.com.bd/lenovo-ideapad-gaming-3-15arh7-ryzen-7-7735hs-fhd-laptop
"ASUS TUF Gaming A16 Advantage Edition Ryzen 7 7735HS RX 7600S 8GB Graphics 16"" QHD Laptop",https://www.startech.com.bd/asus-tuf-gaming-a16-advantage-edition-ryzen-7-7735hs-laptop
"Asus ExpertBook B1 B1500CEAE Core i3 11th Gen 8GB RAM 15.6"" FHD Laptop",https://www.startech.com.bd/asus-expertbook-b1-b1500ceae-core-i3-11th-gen-fhd-laptop
"Lenovo IdeaPad Gaming 3 15ARH7 Ryzen 7 7735HS RTX 4050 6GB Graphics 15.6"" FHD Laptop",https://www.startech.com.bd/lenovo-ideapad-gaming-3-15arh7-ryzen-7-7735hs-laptop
"Asus Vivobook S15 S513EA Core i3 11th Gen 15.6"" OLED FHD Laptop",https://www.startech.com.bd/asus-vivobook-s15-s513ea-core-i3-11th-gen-oled-laptop
"Lenovo Legion 7 16ACHg6 Ryzen 7 5800H RTX 3080 16GB Graphics 16"" 165Hz Gaming Laptop",https://www.startech.com.bd/lenovo-legion-7-16achg6-ryzen-7-5800h-gaming-laptop
"ASUS VivoBook 15 X1502ZA Core i3 12th Gen 15.6"" FHD Laptop",https://www.startech.com.bd/asus-vivobook-15-x1502za-core-i3-12th-gen-laptop
"Avita Liber V14 Core i5 11th Gen 14"" FHD Laptop Soft Lavender",https://www.startech.com.bd/avita-liber-v14-core-i5-11th-gen-laptop-soft-lavender
"Avita Liber V14 Core i5 11th Gen 14"" FHD Laptop Infinite Black",https://www.startech.com.bd/avita-liber-v14-core-i5-11th-gen-laptop-infinite-black
"Avita Liber V14 Core i5 11th Gen 14"" FHD Laptop Star Silver",https://www.startech.com.bd/avita-liber-v14-core-i5-11th-gen-laptop-star-silver
"Avita Liber V14 Core i5 11th Gen 14"" FHD Laptop Aqua Blue",https://www.startech.com.bd/avita-liber-v14-core-i5-11th-gen-laptop-aqua-blue
"Avita Liber V14 Core i5 11th Gen 14"" FHD Laptop Anchor Grey",https://www.startech.com.bd/avita-liber-v14-core-i5-11th-gen-laptop-anchor-grey
"Avita Liber V14 Core i5 11th Gen 14"" FHD Laptop Golden Matt Black",https://www.startech.com.bd/avita-liber-v14-core-i5-11th-gen-laptop-golden-matt-black
"Dell Inspiron 15 3525 Ryzen 5 5625U 15.6"" FHD Laptop",https://www.startech.com.bd/dell-inspiron-15-3525-ryzen-5-fhd-laptop
"Acer Aspire 5 A515-56G Core i5 11th Gen MX450 2GB Graphics 15.6"" FHD Laptop",https://www.startech.com.bd/acer-aspire-5-a515-56g-core-i5-15-6-inch-laptop
"Avita Liber V14 Core i5 11th Gen 14"" FHD Laptop Flowers on Yellow",https://www.startech.com.bd/avita-liber-v14-core-i5-11th-gen-laptop-flowers-on-yellow
"Avita Liber V14 Core i5 11th Gen 14"" FHD Laptop Iris on Ruby",https://www.startech.com.bd/avita-liber-v14-core-i5-11th-gen-laptop-iris-on-ruby
"Avita Liber V14 Core i5 11th Gen 14"" FHD Laptop Paisley on Lilac",https://www.startech.com.bd/avita-liber-v14-core-i5-11th-gen-laptop-paisley-on-lilac
"Avita Liber V14 Core i5 11th Gen 14"" FHD Laptop Snowflakes on Azure Blue",https://www.startech.com.bd/avita-liber-v14-core-i5-11th-gen-laptop-snowflakes-on-azure-blue
"Avita Liber V14 Core i5 11th Gen 14"" FHD Laptop Snowflakes on Mountain Blue",https://www.startech.com.bd/avita-liber-v14-core-i5-11th-gen-laptop-snowflakes-on-mountain-blue
"Realme Book Core i5 11th Gen 14"" 2k UHD Laptop",https://www.startech.com.bd/realme-book-core-i5-laptop
"Realme Book Prime Core i5 11th Gen 14"" 2K UHD Laptop",https://www.startech.com.bd/realme-book-prime-core-i5-laptop
"Lenovo IdeaPad Slim 3i Core i5 11th Gen 15.6"" FHD Laptop",https://www.startech.com.bd/lenovo-ideapad-slim-3i-i5-11th-gen-fhd-laptop
"Lenovo IdeaPad Slim 3i 11th Gen Core i5 15.6"" FHD IPS Display Laptop",https://www.startech.com.bd/lenovo-ideapad-slim-3i-11th-gen-i5-laptop
"Walton Tamarind MX511G Core i5 11th Gen 14"" FHD Laptop",https://www.startech.com.bd/walton-tamarind-mx511g-core-i5-11th-gen-laptop
"Lenovo IdeaPad Slim 3i 11th Gen Core i5 15.6"" FHD Laptop with 3 Years Warranty",https://www.startech.com.bd/lenovo-ideapad-slim-3i-11th-gen-core-i5-fhd-laptop
"Lenovo IdeaPad Slim 3i Core i5 11th Gen 14"" FHD Laptop",https://www.startech.com.bd/lenovo-ideapad-slim-3i-core-i5-11th-gen-fhd-laptop
"Acer Aspire 3 A315-59-5031 Core i5 12th Gen 15.6"" FHD Laptop",https://www.startech.com.bd/acer-aspire-3-a315-59-5031-i5-12th-gen-laptop
"Acer Aspire 3 A315-59-57VA Core i5 12th Gen 15.6"" FHD Laptop",https://www.startech.com.bd/acer-aspire-3-a315-59-57va-i5-12th-gen-laptop
"Acer Aspire 3 A315-59-50J9 Core i5 12th Gen 15.6"" FHD Laptop",https://www.startech.com.bd/acer-aspire-3-a315-59-50j9-i5-12th-gen-laptop
"Walton Passion BX710U Core i7 10th Gen 15.6"" FHD Laptop",https://www.startech.com.bd/walton-passion-bx710u-core-i7-10th-gen-laptop
"Asus VivoBook 15 X1505ZA OLED Core i3 12th Gen 15.6"" FHD Laptop",https://www.startech.com.bd/asus-vivobook-15-x1505za-oled-core-i3-12th-gen-fhd-laptop
"Lenovo IdeaPad Slim 3i Core i5 12th Gen 14"" FHD Laptop",https://www.startech.com.bd/lenovo-ideapad-slim-3i-core-i5-12th-gen-fhd-laptop
"HUAWEI MateBook B3-520 Core i5 11th Gen 15.6"" FHD Laptop",https://www.startech.com.bd/huawei-matebook-b3-520-core-i5-11th-gen-laptop
"ASUS VivoBook 15 X515EA Core i5 11th Gen 8 GB RAM 15.6"" FHD Laptop",https://www.startech.com.bd/asus-vivobook-15-x515ea-core-i5-11th-gen-8-gb-ram-15-6-fhd-laptop
"Acer Aspire 3 A315-59 Core i5 12th Gen 15.6"" FHD Laptop",https://www.startech.com.bd/acer-aspire-3-a315-59-core-i5-12th-gen-laptop
"Dell Latitude 3520 Core i5 11th Gen 15.6"" HD Laptop",https://www.startech.com.bd/dell-latitude-3520-core-i5-11th-gen-laptop
"DOEL T10 Core i7 10th Gen 14"" FHD Laptop",https://www.startech.com.bd/doel-t10-core-i7-10th-gen-laptop
"HP 14s-dq5110TU Core i5 12th Gen 14"" FHD Laptop",https://www.startech.com.bd/hp-14s-dq5110tu-core-i5-12th-gen-laptop
"Lenovo IdeaPad Slim 3i 15ITL Core i5 11th Gen MX350 2GB Graphics 15.6"" FHD Laptop with 03 Years Warranty",https://www.startech.com.bd/lenovo-ideapad-slim-3i-15itl-i5-11th-gen-fhd-laptop
"Acer Extensa 14 EX214-53-543W Core i5 12th Gen 14"" FHD Laptop",https://www.startech.com.bd/acer-extensa-14-ex214-53-543w-core-i5-12th-gen-laptop
"HP 15s-fq5192TU Core i5 12th Gen 15.6"" HD Laptop",https://www.startech.com.bd/hp-15s-fq5192tu-core-i5-12th-gen-laptop
"Huawei MateBook D15 Core i5 11th Gen 15.6"" FHD Laptop",https://www.startech.com.bd/huawei-matebook-d-15-core-i5-11th-gen-laptop
"Huawei MateBook B3-420 Core i5 11th Gen 14"" FHD Laptop",https://www.startech.com.bd/huawei-matebook-b3-420-core-i5-11th-gen-fhd-laptop
"Lenovo IdeaPad Slim 3i Core i5 11th Gen MX350 2GB Graphics 15.6"" FHD Laptop",https://www.startech.com.bd/lenovo-ideapad-slim-3i-i5-fhd-laptop
"HP 15s-fq5620TU Core i5 12th Gen 15.6"" FHD Laptop",https://www.startech.com.bd/hp-15s-fq5620tu-core-i5-12th-gen-laptop
"Dell Inspiron 15 3520 Core i5 12th Gen 15.6"" FHD Laptop",https://www.startech.com.bd/dell-inspiron-15-3520-core-i5-fhd-laptop
"Acer TravelMate TMP214-53 Core i7 11th Gen 14"" FHD Laptop",https://www.startech.com.bd/acer-travelmate-tmp214-53-core-i7-11th-gen-laptop
"Lenovo IdeaPad Slim 5i Core i5 11th Gen 512GB SSD MX450 2GB Graphics 14"" FHD Laptop",https://www.startech.com.bd/lenovo-ideapad-slim-5i-core-i5-11th-gen-fhd-laptop
"Lenovo ThinkBook 14 Gen 2 ITL Core i5 11th Gen 512GB 14"" FHD Laptop",https://www.startech.com.bd/lenovo-thinkbook-14-gen-2-itl-core-i5-11th-gen-fhd-laptop
"HP ProBook 440 G8 Core i5 11th Gen 14"" HD Laptop",https://www.startech.com.bd/hp-probook-440-g8-core-i5-11th-gen-hd-laptop
"Lenovo IdeaPad Slim 5i Core i5 11th Gen 256GB SSD 15.6"" FHD Laptop",https://www.startech.com.bd/lenovo-ideapad-slim-5i-core-i5-fhd-laptop
"Walton Tamarind MX711G Core i7 11th Gen 14"" FHD Laptop",https://www.startech.com.bd/walton-tamarind-mx711g-core-i7-11th-gen-laptop
"Lenovo IdeaPad Slim 3i Core i5 12th Gen 15.6"" FHD Laptop",https://www.startech.com.bd/lenovo-ideapad-slim-3i-i5-12th-gen-fhd-laptop
"Acer TravelMate TMP214-53 Core i7 11th Gen 512GB SSD 14"" FHD Laptop",https://www.startech.com.bd/acer-travelmate-tmp214-53-core-i7-11th-gen-fhd-laptop
"Dell Vostro 14 3400 Core i7 11th Gen MX330 2GB Graphics 14"" FHD Laptop With Backlit Keyboard",https://www.startech.com.bd/dell-vostro-14-3400-core-i7-laptop
"Acer Aspire 7 A715-42G-R2NE Ryzen 5 5500U GTX 1650 4GB Graphics 15.6"" FHD Gaming Laptop",https://www.startech.com.bd/acer-aspire-7-a715-42g-r2ne-ryzen-5-5500u-gaming-laptop
"Lenovo IdeaPad Slim 3i Core i5 12th Gen 15.6"" FHD Laptop Abyss Blue",https://www.startech.com.bd/lenovo-ideapad-slim-3i-core-i5-12th-gen-laptop
"Lenovo IdeaPad Gaming 3i Core i5 11th Gen GTX1650 4GB Graphics 15.6"" FHD Laptop",https://www.startech.com.bd/lenovo-ideapad-gaming-3i-11th-gen-core-i5-laptop
"Samsung Galaxy Book Core i5 11th Gen 15.6"" FHD Laptop",https://www.startech.com.bd/samsung-galaxy-book-core-i5-11th-gen-laptop
"Lenovo IdeaPad Gaming 3i Core i5 11th Gen RTX 3050 4GB Graphics 15.6"" FHD Laptop",https://www.startech.com.bd/lenovo-ideapad-gaming-3i-core-i5-11th-gen-full-hd-laptop
"Asus ExpertBook B1 B1500CEAE Core i5 11th Gen 1TB HDD 15.6"" FHD Laptop",https://www.startech.com.bd/asus-expertbook-b1-b1500ceae-core-i5-11th-gen-fhd-laptop
"ASUS VivoBook 14 X1402ZA Core i5 12th Gen 14"" FHD Laptop",https://www.startech.com.bd/asus-vivobook-14-x1402za-core-i5-12th-gen-fhd-laptop
"ASUS VivoBook 14 X1402ZA Core i5 12th Gen 14"" FHD Laptop",https://www.startech.com.bd/asus-vivobook-14-x1402za-core-i5-12th-gen-fhd-laptop
"Lenovo IdeaPad Slim 5i Pro Core i5 11th Gen MX450 2GB Graphics 16"" Laptop With 3 Years Warranty",https://www.startech.com.bd/lenovo-ideapad-slim-5i-pro-i5-11th-gen-laptop
"MSI Modern 14 C5M Ryzen 7 5825U 14"" FHD Laptop",https://www.startech.com.bd/msi-modern-14-c5m-ryzen-7-5825u-laptop
"Lenovo IdeaPad Gaming 3i Core i5 12th Gen RTX 3050 4GB Graphics 16"" 2K WUXGA Laptop",https://www.startech.com.bd/lenovo-ideapad-gaming-3i-core-i5-12th-gen-laptop
"Lenovo ThinkPad P14s Gen 2 Core i5 11th Gen 14"" FHD Business Laptop",https://www.startech.com.bd/lenovo-thinkpad-p14s-gen-2-core-i5-11th-gen-fhd-laptop
"Lenovo ThinkPad P14s Gen 2 Core i5 11th Gen T500 4GB Graphics Card 14"" FHD Business Laptop",https://www.startech.com.bd/lenovo-thinkpad-p14s-gen-2-core-i5-11th-gen-laptop
Asus ExpertBook B3 Flip B3402FEA Core i5 14-inch 250 Nits 360° FHD Touch Laptop,https://www.startech.com.bd/asus-expertbook-b3-flip-b3402fea-core-i5-fhd-touch-laptop
"Lenovo IdeaPad Slim 3i Core i7 11th Gen 15.6"" FHD Laptop",https://www.startech.com.bd/lenovo-ideapad-slim-3i-core-i7-11th-gen-laptop
"ASUS Vivobook 15 OLED M1505YA AMD Ryzen 5 15.6"" FHD Laptop",https://www.startech.com.bd/asus-vivobook-15-oled-m1505ya-amd-ryzen-5-fhd-laptop
"HP ProBook 450 G9 Core i5 12th Gen 15.6"" FHD Laptop",https://www.startech.com.bd/hp-probook-450-g9-core-i5-12th-gen-laptop
"HP ProBook 440 G9 Core i5 12th Gen 14"" FHD Laptop",https://www.startech.com.bd/hp-probook-440-g9-core-i5-12th-gen-14-inch-laptop
"MSI Modern 14 C13M Core i5 13th Gen 14"" FHD Laptop",https://www.startech.com.bd/msi-modern-14-c13m-core-i5-13th-gen-fhd-laptop
"Asus VivoBook Flip 14 TM420UA Ryzen 5 14"" FHD Touch Laptop",https://www.startech.com.bd/asus-vivobook-flip-14-tm420ua-ryzen-5-fhd-touch-laptop
"MSI Modern 15 B13M Core i5 13th Gen 15.6"" FHD Laptop",https://www.startech.com.bd/msi-modern-15-b13m-core-i5-13th-gen-fhd-laptop
"Asus VivoBook 15 X1505ZA Core i5 12th Gen 15.6"" FHD Laptop",https://www.startech.com.bd/asus-vivobook-15-x1505za-core-i5-12th-gen-fhd-laptop
"Acer Aspire 5M-A515-58GM Core i5 13th Gen RTX 2050 4GB Graphics 15.6"" FHD Gaming Laptop",https://www.startech.com.bd/acer-aspire-5m-a515-58gm-core-i5-13th-gen-fhd-laptop
"Samsung Galaxy Book2 Business Core i5 12th Gen 14"" FHD Laptop",https://www.startech.com.bd/samsung-galaxy-book2-business-core-i5-12th-gen-laptop
"Asus VivoBook 15X X1503ZA OLED Core i5 12th Gen 15.6"" FHD Laptop",https://www.startech.com.bd/asus-vivobook-15x-x1503za-oled-core-i5-12th-gen-fhd-laptop
"MSI Modern 14 C13M Core i7 13th Gen 14"" FHD Laptop",https://www.startech.com.bd/msi-modern-14-c13m-core-i7-13th-gen-fhd-laptop
"ASUS Vivobook 16X OLED M1603QA Ryzen 5 5600H 16"" 4K Laptop",https://www.startech.com.bd/asus-vivobook-16x-oled-m1603qa-ryzen-5-5600h-laptop
GIGABYTE G5 MF Core i5 12th Gen RTX 4050 6GB Graphics 15.6'' FHD 144Hz Gaming Laptop,https://www.startech.com.bd/gigabyte-g5-mf-core-i5-12th-gen-laptop
"Asus ZenBook 14 OLED UX3402ZA Core i5 14"" 3K Laptop",https://www.startech.com.bd/asus-zenbook-14-oled-ux3402za-core-i5-laptop
GIGABYTE G5 KF Core i5 12th Gen RTX 4060 8GB Graphics 15.6'' FHD 144Hz Gaming Laptop,https://www.startech.com.bd/gigabyte-g5-kf-core-i5-12th-gen-laptop
"Microsoft Surface Laptop 5 Core i5 12th Gen 8GB RAM 256GB SSD 13.5"" QHD Multi-Touch Laptop (QZI-00001)",https://www.startech.com.bd/microsoft-surface-laptop-5-core-i5-12th-gen-laptop
"Thunderobot 911MT Core i5 12th Gen RTX 3060 6GB Graphics 15.6"" FHD 144Hz Gaming Laptop",https://www.startech.com.bd/thunderobot-911mt-core-i5-12th-gen-fhd-gaming-laptop
"ASUS Vivobook S 16 Flip OLED TN3604YA Ryzen 7 7730U 16"" 3.2K Touch Laptop",https://www.startech.com.bd/asus-vivobook-s-16-flip-oled-tn3604ya-ryzen-7-7730u-laptop
"Asus ZenBook 14 OLED UX3402ZA Core i7 14"" 3K Laptop",https://www.startech.com.bd/asus-zenbook-14-oled-ux3402za-core-i7-laptop
"Thunderobot 911X Core i5 13th Gen RTX 4050 6GB Graphics 15.6"" FHD 165Hz Gaming Laptop",https://www.startech.com.bd/thunderobot-911x-core-i5-13th-gen-gaming-laptop
Apple MacBook Air (2023) Apple M2 Chip 15-Inch Liquid Retina Display 8GB RAM 256GB SSD Midnight #MQKW3LL/A,https://www.startech.com.bd/apple-macbook-air-m2-chip-15-inch
Apple MacBook Air (2023) Apple M2 Chip 15-Inch Liquid Retina Display 8GB RAM 256GB SSD Starlight #MQKU3LL/A,https://www.startech.com.bd/apple-macbook-air-m2-chip-15-inch-starlight
Apple MacBook Air (2023) Apple M2 Chip 15-Inch Liquid Retina Display 8GB RAM 256GB SSD Space Gray #MQKP3/A,https://www.startech.com.bd/apple-macbook-air-m2-chip-15-inch-space-gray
"ASUS Vivobook Pro 15 OLED K6502ZE Core i7 RTX3050 Ti 4GB Graphics 15.6"" 3K Laptop",https://www.startech.com.bd/asus-vivobook-pro-15-oled-k6502ze-core-i7-laptop
"ASUS TUF Gaming F15 FX507VU4 Core i7 13th Gen RTX 4050 6GB Graphics 15.6"" FHD 144Hz Gaming Laptop",https://www.startech.com.bd/asus-tuf-gaming-f15-fx507vu4-core-i7-13th-gen-gaming-laptop
"Thunderobot 911X Core i5 13th Gen RTX 4060 8GB Graphics 15.6"" FHD 165Hz Gaming Laptop",https://www.startech.com.bd/thunderobot-911x-core-i5-13th-gen-fhd-gaming-laptop
"ASUS Zenbook S 13 Flip OLED UP5302ZA Core i7 12th Gen 13.3"" 3K Touch Laptop",https://www.startech.com.bd/asus-zenbook-s-13-oled-up5302za-core-i7-12th-gen-3k-laptop
Apple MacBook Air (2023) Apple M2 Chip 15-Inch Liquid Retina Display 8GB RAM 512GB SSD Midnight #MQKX3LL/A,https://www.startech.com.bd/apple-macbook-air-m2-chip-15-inch-512gb-ssd-midnight
Apple MacBook Air (2023) Apple M2 Chip 15-Inch Liquid Retina Display 8GB RAM 512GB SSD Starlight #MQKV3LL/A,https://www.startech.com.bd/apple-macbook-air-m2-chip-15-inch-512gb-ssd-starlight
Apple MacBook Air (2023) Apple M2 Chip 15-Inch Liquid Retina Display 8GB RAM 512GB SSD Silver #MQKT3LL/A,https://www.startech.com.bd/apple-macbook-air-m2-chip-15-inch-512gb-ssd-silver
Apple MacBook Air (2023) Apple M2 Chip 15-Inch Liquid Retina Display 8GB RAM 512GB SSD Space Gray #MQKQ3LL/A,https://www.startech.com.bd/apple-macbook-air-m2-chip-15-inch-512gb-ssd-space-gray
"Thunderobot Zero Core i9 12th Gen RTX 3060 6GB Graphics 16"" QHD 165Hz Gaming Laptop",https://www.startech.com.bd/thunderobot-zero-core-i9-12th-gen-qhd-gaming-laptop
"Lenovo Legion 5i Pro Core i7 12th Gen RTX 3060 6GB Graphics 16"" 2.5K 240Hz Gaming Laptop",https://www.startech.com.bd/lenovo-legion-5i-pro-core-i7-12th-gen-gaming-laptop
"Lenovo Legion Slim 7i Core i7 12th Gen RTX 3060 6GB Graphics 16"" 2.5K 165Hz Gaming Laptop",https://www.startech.com.bd/lenovo-legion-slim-7i-i7-12th-gen-gaming-laptop
"Lenovo Legion Slim 7i Core i7 12th Gen RTX 3070 8GB Graphics 16"" 2.5K 165Hz Gaming Laptop",https://www.startech.com.bd/lenovo-legion-slim-7i-core-i7-12th-gen-gaming-laptop
"Microsoft Surface Pro 9 Core i7 12th Gen 16GB RAM 1B SSD 13"" Multi-Touch Laptop (QKI-00001)",https://www.startech.com.bd/microsoft-surface-pro-9-core-i7-12th-gen-13-inch-multi-touch-laptop
"Thunderobot Zero Core i9 13th Gen RTX 4070 8GB Graphics 16"" QHD 240Hz Gaming Laptop",https://www.startech.com.bd/thunderobot-zero-core-i9-13th-gen-qhd-gaming-laptop
MSI Stealth 16 Mercedes-AMG A13VF Core i9 13th Gen RTX 4060 8GB Graphics 16” UHD+ OLED Gaming Laptop,https://www.startech.com.bd/msi-stealth-16-mercedes-amg-a13vf-core-i9-13th-gen-laptop
MSI Stealth 16 Mercedes-AMG A13VG Core i9 13th Gen RTX 4070 8GB Graphics 16” UHD+ OLED Gaming Laptop,https://www.startech.com.bd/msi-stealth-16-mercedes-amg-a13vg-core-i9-13th-gen-laptop
Apple MacBook Pro 14-inch M2 Pro 16GB RAM 1TB SSD Silver (MPHJ3LL/A),https://www.startech.com.bd/apple-macbook-pro-14-inch-m2-pro-1tb-ssd-silver
Apple MacBook Pro 14-inch M2 Max 32GB RAM 1TB SSD Silver (MPHK3LL/A),https://www.startech.com.bd/apple-macbook-pro-14-inch-m2-max-silver
Apple MacBook Pro 14-inch M2 Pro 16GB RAM 1TB SSD Space Gray (MPHF3LL/A),https://www.startech.com.bd/apple-macbook-pro-14-inch-m2-pro-1tb-ssd-space-gray
Apple MacBook Pro 14-inch M2 Max 64GB RAM 4TB SSD Space Gray (Z17G002TU),https://www.startech.com.bd/apple-macbook-pro-14-inch-m2-max-4tb-ssd-space-gray
"MSI Modern 15 A11MU Core i7 11th Gen 15.6"" FHD Laptop",https://www.startech.com.bd/msi-modern-15-a11mu-core-i7-11th-gen-laptop
"Asus TUF Gaming A15 FA506IHRB Ryzen 5 4600H GTX 1650 4GB Graphics 15.6"" FHD Gaming Laptop",https://www.startech.com.bd/asus-tuf-gaming-a15-fa506ihrb-ryzen-5-4600h-gaming-laptop
"HP ProBook 440 G9 Core i5 12th Gen 14"" FHD Laptop With Windows 11",https://www.startech.com.bd/hp-probook-440-g9-core-i5-12th-gen-laptop
"Asus TUF Gaming F15 FX506LHB Core i5 10th Gen GTX 1650 4GB Graphics 15.6"" FHD Gaming Laptop",https://www.startech.com.bd/asus-tuf-gaming-f15-fx506lhb-core-i5-10th-gen-laptop
"HP ProBook 455 G9 Ryzen 5 5625U 15.6"" FHD Laptop",https://www.startech.com.bd/hp-probook-455-g9-ryzen-5-5625u-laptop
"ASUS ZenBook 14 UM425UA Ryzen 5 5500U 14"" FHD Laptop",https://www.startech.com.bd/asus-zenbook-14-um425ua-ryzen-5-5500u-laptop
"MSI GF63 THIN 11UCX Core i5 11th Gen RTX 2050 4GB Graphics 15.6"" FHD 144Hz Gaming Laptop",https://www.startech.com.bd/msi-gf63-thin-11ucx-gaming-laptop
"Asus VivoBook S15 S533EQ Core i5 11th Gen MX350 2GB Graphics 15.6"" FHD Laptop With Windows 11",https://www.startech.com.bd/asus-vivobook-s15-s533eq-i5-11th-gen-fhd-laptop
"ASUS Vivobook Pro 15 M3500QA Ryzen 7 5800H 15.6"" FHD Laptop",https://www.startech.com.bd/asus-vivobook-pro-15-m3500qa-ryzen-7-5800h-laptop
"Acer Aspire 5 AN515-57G-52HF Core i5 12th Gen RTX 2050 4GB Graphics 15.6"" FHD Gaming Laptop",https://www.startech.com.bd/acer-aspire-5-an515-57g-52hf-core-i5-12th-gen-gaming-laptop
"Lenovo IdeaPad Slim 3i Core i7 11th Gen 15.6"" FHD Laptop with Fingerprint",https://www.startech.com.bd/lenovo-ideapad-slim-3i-core-i7-11th-gen-fhd-laptop
"Lenovo IdeaPad Slim 3i Core i7 11th Gen 14"" FHD Laptop",https://www.startech.com.bd/lenovo-ideapad-slim-3i-core-i7-11th-gen-fhd-14-inch-laptop
"HP Victus 15-fb0118AX Ryzen 5 5600H GTX 1650 4GB Graphics 15.6"" FHD Gaming Laptop",https://www.startech.com.bd/hp-victus-15-fb0118ax-ryzen-5-5600h-gaming-laptop
"ASUS ExpertBook P1 P1512CEA Core i7 11th Gen 15.6"" FHD Laptop",https://www.startech.com.bd/asus-expertbook-p1-p1512cea-core-i7-11th-gen-laptop
"HP Pavilion 15-eg2444TX Core i5 12th Gen 15.6"" FHD Laptop",https://www.startech.com.bd/hp-pavilion-15-eg2444tx-core-i5-12th-gen-laptop
"HP 14s-dq4678TU Core i7 11th Gen 14"" FHD Laptop",https://www.startech.com.bd/hp-14s-dq4678tu-core-i7-11th-gen-laptop
"Asus Vivobook S15 S513EA Core i5 11th Gen 15.6"" OLED FHD Laptop",https://www.startech.com.bd/asus-vivobook-s15-s513ea-core-i5-11th-gen-oled-laptop
"Acer Aspire 7 A715-51G Core i5 12th Gen GTX 1650 4GB Graphics 15.6"" FHD Gaming Laptop",https://www.startech.com.bd/acer-aspire-7-a715-5g-core-i5-12th-gen-gaming-laptop
"HUAWEI MateBook D16 Core i5 12th Gen 16"" FHD Laptop",https://www.startech.com.bd/huawei-matebook-d-16-core-i5-12th-gen-laptop
"MSI Modern 15 B12M Core i7 12th Gen 16GB RAM 15.6"" FHD Laptop",https://www.startech.com.bd/msi-modern-15-b12m-core-i7-12th-gen-laptop
"Asus VivoBook 15 S513EQ Core i5 11th Gen 8GB RAM 15.6"" OLED FHD Laptop",https://www.startech.com.bd/asus-vivobook-15-s513eq-core-i5-11th-gen-fhd-laptop
"Asus VivoBook 15 K513EQ Core i5 11th Gen 15.6"" OLED FHD Laptop",https://www.startech.com.bd/asus-vivobook-15-k513eq-core-i5-11th-gen-oled-laptop
"Apple MacBook Air 13.3-Inch Retina Display 8-core Apple M1 chip with 8GB RAM, 256GB SSD (MGN63) Space Gray",https://www.startech.com.bd/apple-macbook-air-13-3-inch-m1-chip-laptop-256gb-ssd
"Apple MacBook Air 13.3-Inch Retina Display 8-core Apple M1 chip with 8GB RAM, 256GB SSD (MGND3) Gold",https://www.startech.com.bd/apple-macbook-air-13-3-inch-m1-chip-laptop-256gb-ssd-gold
"MSI GF63 THIN 11UC Core i5 11th Gen 512GB SSD RTX 3050 Max-Q 4GB Graphics 15.6"" FHD Gaming Laptop",https://www.startech.com.bd/msi-gf63-thin-11uc-core-i5-11th-gen-gaming-laptop
"MSI GF63 THIN 12UCX Core i5 12th Gen RTX 2050 4GB Graphics 15.6"" FHD 144hz Gaming Laptop",https://www.startech.com.bd/msi-gf63-thin-12ucx-core-i5-12th-gen-gaming-laptop
"HP 15s-du4026TU Core i7 12th Gen 15.6"" FHD Laptop",https://www.startech.com.bd/hp-15s-du4026tu-core-i7-12th-gen-fhd-laptop
"Acer Aspire 7 A715-76G Core i5 12th Gen RTX 3050 4GB Graphics IPS 144Hz 15.6"" Gaming Laptop",https://www.startech.com.bd/acer-aspire-7-a715-76g-core-i5-gaming-laptop
"Asus VivoBook 15 X513EP Core i7 11th Gen MX330 2GB Graphics 15.6"" FHD Laptop With Windows 11",https://www.startech.com.bd/asus-vivobook-15-x513ep-core-i7-11th-gen-fhd-laptop
"HP Pavilion 15-eg2117TU Core i7 12th Gen 15.6"" FHD Laptop",https://www.startech.com.bd/hp-pavilion-15-eg2117tu-core-i7-12th-gen-laptop
"MSI Katana GF66 12UC Core i5 12th Gen RTX 3050 4GB Graphics 15.6"" FHD Gaming Laptop",https://www.startech.com.bd/msi-katana-gf66-12uc-core-i5-12th-gen-gaming-laptop
"ASUS VivoBook Pro 15 K3500PA Core i7 11th Gen 15.6"" FHD Laptop",https://www.startech.com.bd/asus-vivobook-pro-15-k3500pa-11th-gen-core-i7-laptop
"Asus VivoBook 14 K413EQ Core i7 11th Gen 14"" FHD Laptop",https://www.startech.com.bd/asus-vivobook-14-k413eq-core-i7-11th-gen-fhd-laptop
"HP ProBook 440 G9 Core i7 12th Gen 14"" FHD Laptop",https://www.startech.com.bd/hp-probook-440-g9-core-i7-12th-gen-laptop
"HP Victus 15-fa0163TX Core i5 12th Gen RTX 3050 4GB Graphics 15.6"" FHD Gaming Laptop",https://www.startech.com.bd/hp-victus-15-fa0163tx-core-i5-12th-gen-gaming-laptop
"Asus VivoBook 15 S513EQ Core i7 11th Gen MX350 2GB Graphics 15.6"" FHD OLED Laptop",https://www.startech.com.bd/asus-vivobook-15-s513eq-core-i7-11th-gen-mx350-2gb-graphics-fhd-oled-laptop
"ASUS ZenBook 14X UX5401EA Core i5 11th Gen 14"" 2.8K OLED Touch Laptop",https://www.startech.com.bd/asus-zenbook-14x-ux5401ea-touch-laptop
"Asus VivoBook 15 S513EQ Core i7 11th Gen MX350 2GB Graphics 15.6"" FHD Laptop",https://www.startech.com.bd/asus-vivobook-15-s513eq-core-i7-11th-gen-mx350-2gb-graphics-laptop
"Asus TUF Gaming A17 FA706ICB Ryzen 5 4600H RTX 3050 4GB Graphics 17.3"" FHD Gaming Laptop",https://www.startech.com.bd/asus-tuf-gaming-a17-fa706icb-ryzen-5-4600h-gaming-laptop
"HP Pavilion x360 Convertible 14-ek0777TU Core i7 12th Gen 14"" FHD 2-in-1 Touch Laptop",https://www.startech.com.bd/hp-pavilion-x360-convertible-14-ek0777tu-core-i7-12th-gen-laptop
"HP Victus 15-fb0119AX Ryzen 7 5800H RTX 3050 Ti 4GB Graphics 15.6"" FHD Gaming Laptop",https://www.startech.com.bd/hp-victus-15-fb0119ax-ryzen-7-5800h-gaming-laptop
"ASUS Vivobook Pro 15 M3500QC Ryzen 5 5600H RTX 3050 4GB Graphics 15.6"" FHD Laptop",https://www.startech.com.bd/asus-vivobook-pro-15-m3500qc-ryzen-5-laptop
"Lenovo IdeaPad Gaming 3i Core i7 11th Gen GTX 1650 4GB Graphics 15.6"" FHD Laptop",https://www.startech.com.bd/lenovo-ideapad-gaming-3i-core-i7-11th-laptop
"Lenovo IdeaPad Gaming 3i Core i7 11th Gen GTX 1650 4GB Graphics 15.6"" FHD Laptop With 3 Years Warranty",https://www.startech.com.bd/lenovo-ideapad-gaming-3i-core-i7-11th-gen-fhd-laptop
"ASUS TUF Gaming F15 FX506HE Core i5 11th Gen RTX 3050 Ti 4GB Graphics 15.6"" FHD Gaming Laptop",https://www.startech.com.bd/asus-tuf-gaming-f15-fx506he-core-i5-11th-gen-laptop
"Asus TUF Gaming A17 FA706ICB Ryzen 7 4800H RTX 3050 4GB Graphics 17.3"" FHD Gaming Laptop",https://www.startech.com.bd/asus-tuf-gaming-a17-fa706icb-ryzen-7-4800h-gaming-laptop
"MSI Sword 15 A12UCX Core i5 12th Gen RTX 2050 4GB Graphics 15.6"" FHD Gaming Laptop",https://www.startech.com.bd/msi-sword-15-a12ucx-core-i5-12th-gen-fhd-gaming-laptop
"Asus ZenBook 14 Flip OLED UP5401EA Core i5 11th Gen 14"" 2.8K OLED Touch Laptop",https://www.startech.com.bd/asus-zenbook-14-flip-oled-up5401ea-core-i5-11th-gen-laptop
"ASUS ZenBook Duo 14 UX482EAR i7 11th Gen 14"" FHD Touch Laptop with Pen",https://www.startech.com.bd/asus-zenbook-duo-14-ux482ear-i7-11th-gen-fhd-touch-laptop
"Lenovo IdeaPad Slim 5i Pro Core i7 11th Gen 14"" 2.2K Laptop",https://www.startech.com.bd/lenovo-ideapad-slim-5i-pro-core-i7-11th-gen-laptop
"Asus TUF Dash F15 FX517ZC Core i5 12th Gen RTX 3050 4GB Graphics 15.6"" FHD Gaming Laptop",https://www.startech.com.bd/asus-tuf-gaming-f15-fx517zc-core-i5-12th-gen-fhd-gaming-laptop
"MSI Katana 15 B12UDXK Core i5 12th Gen RTX 3050 4GB Graphics 15.6"" FHD Gaming Laptop",https://www.startech.com.bd/msi-katana-15-b12udxk-core-i5-12th-gen-gaming-laptop
"ASUS Vivobook Pro 15 M3500QC Ryzen 7 5800H RTX 3050 4GB Graphics 15.6"" FHD Laptop",https://www.startech.com.bd/asus-vivobook-pro-15-m3500qc-ryzen-7-laptop
"Asus ZenBook 14 OLED UM3402YA Ryzen 7 5825U 14"" WQHD Laptop",https://www.startech.com.bd/asus-zenbook-14-oled-um3402ya-ryzen-7-5825U-14-inch-laptop
"HP Envy x360 Convertible 13-bf0666TU Core i7 12th Gen 13.3"" WQXGA Touch Laptop",https://www.startech.com.bd/hp-envy-x360-convertible-13-bf0666tu-core-i7-12th-gen-laptop
"HP Victus 15-fa0157TX Core i7 12th Gen RTX 3050 4GB Graphics 15.6"" FHD Gaming Laptop",https://www.startech.com.bd/hp-victus-15-fa0157tx-core-i7-12th-gen-gaming-laptop
Apple MacBook Air (2022) Apple M2 Chip 13.6-Inch Liquid Retina Display 8GB RAM 256GB SSD Space Gray #MLXW3LL/A / MLXW3ZP/A,https://www.startech.com.bd/apple-macbook-air-2022-m2-chip-13-6-inch-space-gray
Apple MacBook Air (2022) Apple M2 Chip 13.6-Inch Liquid Retina Display 8GB RAM 256GB SSD Midnight #MLY33LL/A / MLY33ZP/A,https://www.startech.com.bd/apple-macbook-air-2022-m2-chip-13-6-inch-midnight
"Lenovo IdeaPad Flex 5i Core i7 11th Gen MX450 2GB Graphics 14"" FHD Touch Laptop with Windows 11 Home",https://www.startech.com.bd/lenovo-ideapad-flex-5i-11th-gen-core-i7-touch-laptop
"ASUS TUF Gaming A15 FA507RC Ryzen 7 6800H RTX 3050 4GB Graphics 15.6"" FHD Gaming Laptop",https://www.startech.com.bd/asus-tuf-gaming-a15-fa507rc-ryzen-7-6800h-gaming-laptop
"ASUS Vivobook Pro 15 OLED M3500QC Ryzen 7 5800H RTX 3050 4GB Graphics 15.6"" FHD Laptop with Windows 11",https://www.startech.com.bd/asus-vivobook-pro-15-oled-m3500qc-ryzen-7-5800h-fhd-laptop
"GIGABYTE G5 KE Core i5 12th Gen RTX 3060 6GB Graphics 15.6"" FHD 144Hz Gaming Laptop",https://www.startech.com.bd/gigabyte-g5-ke-core-i5-12th-gen-fhd-laptop
"ASUS Vivobook S 16X OLED M5602RA Ryzen 7 6800H 16"" OLED Laptop",https://www.startech.com.bd/asus-vivobook-s-16x-oled-m5602ra-ryzen-7-6800h-16-inch-laptop
"Lenovo IdeaPad Flex 5i Core i7 12th Gen 14"" 360° WUXGA Touch Laptop",https://www.startech.com.bd/lenovo-ideapad-flex-5i-core-i7-12th-gen-touch-laptop
"Microsoft Surface Pro 9 Core i5 12th Gen 8GB RAM 512GB SSD 13"" Multi-Touch Laptop for Business (QHB-00017)",https://www.startech.com.bd/microsoft-surface-pro-9-core-i5-12th-gen-multi-touch-laptop
"ASUS TUF Gaming A15 FA507RE Ryzen 7 6800H RTX 3050 Ti 4GB Graphics 15.6"" FHD Gaming Laptop",https://www.startech.com.bd/asus-tuf-gaming-a15-fa507re-ryzen-7-6800h-laptop
"ASUS TUF Gaming A15 FA507RE Ryzen 7 6800H RTX 3050 Ti 4GB Graphics 15.6"" FHD Jaeger Gray Gaming Laptop",https://www.startech.com.bd/asus-tuf-gaming-a15-fa507re-ryzen-7-6800h-fhd-laptop
Apple MacBook Pro 13.3-Inch Retina Display M2 Chip 8GB RAM 256GB SSD Space Gray (MNEH3),https://www.startech.com.bd/apple-macbook-pro-13-inch-m2-chip-8gb-ram-256gb-ssd-space-gray
Apple MacBook Pro 13.3-Inch Retina Display M2 Chip 8GB RAM 256GB SSD Silver (MNEP3),https://www.startech.com.bd/apple-macbook-pro-13-inch-m2-chip-8gb-ram-256gb-ssd-silver
"ASUS Vivobook Pro 15 M3500QC Ryzen 9 5900HX RTX 3050 4GB Graphics 15.6"" FHD Laptop",https://www.startech.com.bd/asus-vivobook-pro-15-m3500qc-ryzen-9-fhd-laptop
"Lenovo IdeaPad Slim 5i Core i7 12th Gen MX550 2GB Graphics 15.6"" FHD Laptop",https://www.startech.com.bd/lenovo-ideapad-slim-5i-core-i7-12th-gen-fhd-laptop
"Asus ZenBook 14X OLED UX5401EA Core i7 11th Gen 14"" 2.8K OLED Touch Laptop",https://www.startech.com.bd/asus-zenbook-14x-oled-ux5401ea-core-i7-11th-gen-touch-laptop
"Asus TUF Dash F15 FX517ZE Core i5 12th Gen RTX 3050 Ti 4GB Graphics 15.6"" FHD WV Gaming Laptop",https://www.startech.com.bd/asus-tuf-dash-f15-fx517ze-core-i5-12th-gen-fhd-gaming-laptop
"HP SPECTRE X360 Convertible 14-e2027TU Core i7 13th Gen 13.5"" WUXGA+ Touch Laptop",https://www.startech.com.bd/hp-spectre-x360-convertible-14-e2027tu-core-i7-13th-gen-touch-laptop
"Lenovo IdeaPad Gaming 3i Core i7 12th Gen RTX 3050 4GB Graphics 16"" 2K WUXGA Laptop",https://www.startech.com.bd/lenovo-ideapad-gaming-3i-core-i7-12th-gen-laptop
"Asus TUF Gaming A15 FA507XU Ryzen 9 7940HS RTX 4050 6GB Graphics 15.6"" FHD Gaming Laptop",https://www.startech.com.bd/asus-tuf-gaming-a15-fa507xu-ryzen-9-7940hs-gaming-laptop
"Asus TUF Gaming A15 FA506QM Ryzen 7 5800H RTX 3060 6GB Graphics 15.6"" FHD Gaming Laptop",https://www.startech.com.bd/asus-tuf-gaming-a15-fa506qm-ryzen-7-5800h-gaming-laptop
Apple MacBook Air (2022) Apple M2 Chip 13.6-Inch Liquid Retina Display 8GB RAM 512GB SSD Space Gray #MLXX3LL/A,https://www.startech.com.bd/apple-macbook-air-2022-m2-chip-512gb-ssd-13-6-inch-space-gray
Apple MacBook Air (2022) Apple M2 Chip 13.6-Inch Liquid Retina Display 8GB RAM 512GB SSD Midnight #MLY43LL/A,https://www.startech.com.bd/apple-macbook-air-2022-m2-chip-512gb-ssd-13-6-inch-midnight
"ASUS ZenBook Duo 14 UX482EA Core i7 11th Gen 14"" FHD Touch Laptop",https://www.startech.com.bd/asus-zenbook-duo-14-ux482ea-i7-11th-gen-touch-laptop
"Asus Vivobook Pro 16X OLED M7600QE Ryzen 7 5800H RTX 3050Ti 4GB Graphics 16"" 4K Gaming Laptop",https://www.startech.com.bd/asus-vivobook-pro-16x-oled-m7600qe-ryzen-7-laptop
"Lenovo YOGA Slim 7i Carbon Core i7 11th Gen 13.3"" Laptop",https://www.startech.com.bd/lenovo-yoga-slim-7i-carbon-i7-11th-gen-laptop
"Acer Predator Helios Neo 16 PHN16-71 Core i7 13th Gen RTX 4050 6GB Graphics 16"" 165Hz Gaming Laptop",https://www.startech.com.bd/acer-predator-helios-neo-16-phn16-71-i7-gaming-laptop
"ASUS ROG STRIX G15 G513IM Ryzen 7 4800H 16GB RAM RTX 3060 6GB 15.6"" WQHD Gaming Laptop",https://www.startech.com.bd/asus-rog-strix-g15-g513im-ryzen-7-4800h-wqhd-gaming-laptop
"ASUS TUF Gaming A15 FA507RM Ryzen 7 6800H RTX 3060 6GB Graphics 15.6"" FHD Gaming Laptop",https://www.startech.com.bd/asus-tuf-gaming-a15-fa507rm-ryzen-7-6800h-laptop
"MSI Summit E16 Flip Evo A13MT Core i7 13th Gen 16GB RAM 16"" FHD+ 165Hz Touch Laptop",https://www.startech.com.bd/msi-summit-e16-flip-evo-a13mt-core-i7-13th-gen-laptop
Apple MacBook Pro 13.3-Inch Retina Display M2 Chip 8GB RAM 512GB SSD Space Gray (MNEJ3),https://www.startech.com.bd/apple-macbook-pro-13-inch-m2-chip-8gb-ram-512gb-ssd-space-gray
"HP ENVY 15-ep1890TX Core i7 11th Gen RTX 3050 Ti 4GB Graphics 15.6"" FHD Touch Gaming Laptop",https://www.startech.com.bd/hp-envy-15-ep1890tx-core-i7-11th-gen-laptop
"Microsoft Surface Laptop Studio Core i5 11th Gen 16GB RAM 14.4"" Touchscreen 2-in-1 Laptop (THR-00001)",https://www.startech.com.bd/microsoft-surface-laptop-studio-core-i5-2-in-1-laptop
"Asus TUF Dash F15 FX517ZM Intel Core i5 12th Gen RTX 3060 6GB Graphics 15.6"" FHD WV Gaming Laptop",https://www.startech.com.bd/asus-tuf-dash-f15-fx517zm-intel-core-i5-12th-gen-fhd-gaming-laptop
"MSI Creator Z16 A11UET Core i7 11th Gen RTX 3060 Max-Q 6GB Graphics 16"" QHD Gaming Laptop",https://www.startech.com.bd/msi-creator-z16-a11uet-16-inch-qhd-gaming-laptop
"Lenovo YOGA Slim 7i Carbon Core i7 12th Gen 13.3"" 2.5K QHD Laptop",https://www.startech.com.bd/lenovo-yoga-slim-7i-carbon-core-i7-12th-gen-qhd-laptop
"Asus ZenBook S 13 OLED UX5304VA Core i7 13th Gen 13.3"" 3K Laptop",https://www.startech.com.bd/asus-zenbook-s-13-oled-ux5304va-core-i7-13th-gen-laptop
"Asus TUF Dash F15 FX517ZM Intel Core i7 12th Gen RTX 3060 6GB Graphics 15.6"" FHD WV Gaming Laptop",https://www.startech.com.bd/asus-tuf-dash-f15-fx517zm-intel-core-i7-12th-gen-fhd-gaming-laptop
"ASUS ROG Strix G15 G513RM Ryzen 7 6800H RTX 3060 6GB Graphics 15.6"" FHD Gaming Laptop",https://www.startech.com.bd/asus-rog-strix-g15-g513rm-ryzen-7-6800h-gaming-laptop
"Asus ROG Zephyrus G15 GA503RM Ryzen 7 6800HS 16GB RAM RTX 3060 15.6"" WQHD Gaming Laptop",https://www.startech.com.bd/asus-rog-zephyrus-g15-ga503rm-ryzen-7-gaming-laptop
"ASUS ROG Strix G15 G713RM Ryzen 7 6800H RTX 3060 6GB Graphics 17.3"" FHD WV Gaming Laptop",https://www.startech.com.bd/asus-rog-strix-g15-g713rm-ryzen-7-6800h-fhd-gaming-laptop
"ASUS Zenbook Pro 14 Duo OLED UX8402ZA-M3031W Core i7 12th Gen 14.5"" 2.8K Touch Laptop",https://www.startech.com.bd/asus-zenbook-pro-14-duo-oled-ux8402za-core-i7-12th-gen-laptop
"GIGABYTE Aorus 15G XC Core i7 10th Gen RTX 3070Q 8GB Graphics 15.6"" 240Hz FHD Gaming Laptop",https://www.startech.com.bd/gigabyte-aorus-15g-xc-core-i7-gaming-laptop
"Microsoft Surface Laptop Studio Core i7 11th Gen 16GB RAM 512GB SSD 14.4"" Touchscreen 2-in-1 Laptop (A1Y-00001)",https://www.startech.com.bd/microsoft-surface-laptop-studio-core-i7-11th-gen-touch-laptop
"MSI Sword 17 A12VE Core i7 12th Gen RTX 4050 6GB Graphics 17.3"" FHD Gaming Laptop",https://www.startech.com.bd/msi-sword-17-a12ve-core-i7-12th-gen-fhd-gaming-laptop
"Asus ROG Zephyrus G14 GA402RJ Ryzen 9 6900HS RX 6700S 8GB Graphics 14"" WQXGA Gaming Laptop",https://www.startech.com.bd/asus-rog-zephyrus-g14-ga402rj-ryzen-9-6900hs-14-inch-wqxga-laptop
"Asus ROG Zephyrus G15 GA503RW Ryzen 9 6900HS RTX 3070 Ti Graphics 15.6"" WQHD Gaming Laptop",https://www.startech.com.bd/asus-rog-zephyrus-g15-ga503rw-ryzen-9-6900hs-laptop
"Apple MacBook Pro 14-inch M2 Pro 16GB RAM 512GB SSD Space Gray (MPHE3LL/A, MPHE3ZP/A)",https://www.startech.com.bd/apple-macbook-pro-14-inch-m2-pro-512gb-ssd-space-gray
Apple MacBook Pro 14-inch M2 Pro 16GB RAM 512GB SSD Silver (MPHH3LL/A),https://www.startech.com.bd/apple-macbook-pro-14-inch-m2-pro-silver
"HP OMEN 16-c0456AX Ryzen 9 5900H RTX 3070 8GB Graphics 16.1"" FHD Gaming Laptop",https://www.startech.com.bd/hp-omen-16-c0456ax-ryzen-9-5900h-gaming-laptop
"Asus ROG Strix G16 G614JI Core i7 13th Gen RTX 4070 8GB Graphics 16"" FHD+ Gaming Laptop",https://www.startech.com.bd/asus-rog-strix-g16-g614ji-core-i7-13th-gen-gaming-laptop
"Lenovo Legion 5i Core i7 12th Gen RTX 3060 6GB Graphics 15.6"" FHD 144Hz Gaming Laptop",https://www.startech.com.bd/lenovo-legion-5i-core-i7-12th-gen-fhd-gaming-laptop
"Lenovo YOGA 9i Core i7 12th Gen 14"" 2.8K OLED 360° Touch Laptop",https://www.startech.com.bd/lenovo-yoga-9i-core-i7-12th-gen-touch-laptop
"Lenovo Legion 5i Core i7 12th Gen RTX 3070 8GB Graphics 15.6"" 2.5K 165Hz Gaming Laptop",https://www.startech.com.bd/lenovo-legion-5i-core-i7-12th-gen-gaming-laptop
Lenovo ThinkPad X1 Carbon Gen 9 Core i7 14 Inch WUXGA IPS Laptop,https://www.startech.com.bd/lenovo-thinkpad-x1-carbon-gen-9-core-i7-laptop
"Lenovo YOGA 9i Core i7 12th Gen 14"" 4K OLED 360° Touch Laptop",https://www.startech.com.bd/lenovo-yoga-9i-core-i7-12th-gen-4k-laptop
"ASUS Zenbook Pro 14 Duo OLED UX8402ZE-M3050W Core i7 12th Gen RTX 3050 Ti 4GB Graphics 14.5"" 2.8K Touch Laptop",https://www.startech.com.bd/asus-zenbook-pro-14-duo-oled-ux8402ze-core-i7-12th-gen-laptop
"Dell XPS 15 9510 Core i7 11th Gen RTX 3050 Ti 4GB Graphics 15.6"" FHD Laptop",https://www.startech.com.bd/dell-xps-15-9510-core-i7-11th-gen-fhd-laptop
"ASUS ProArt Studiobook 16 OLED H5600QM Ryzen 7 5800H RTX 3060 6GB Graphics 16"" OLED Laptop",https://www.startech.com.bd/asus-proart-studiobook-16-oled-h5600qm-ryzen-7-5800h-laptop
"Apple MacBook Pro 16-Inch M1 Pro Chip, 16GB RAM, 1TB SSD (MK193) Space Gray 2021",https://www.startech.com.bd/apple-macbook-pro-16-inch-m1-pro-chip-1tb-ssd-space-gray
"Microsoft Surface Laptop Studio Core i7 11th Gen 32GB RAM 1TB SSD 14.4"" Touchscreen 2-in-1 Laptop (ABY-00001)",https://www.startech.com.bd/microsoft-surface-laptop-studio-core-i7-2-in-1-laptop
"Thunderobot Zero Bumblebee Core i9 13th Gen RTX 4070 8GB Graphics 16"" QHD 240Hz Gaming Laptop",https://www.startech.com.bd/thunderobot-zero-bumblebee-core-i9-13th-gen-gaming-laptop
"ASUS ProArt Studiobook 16 OLED H5600QM Ryzen 9 5900HX RTX 3060 6GB Graphics 16"" OLED Laptop",https://www.startech.com.bd/asus-proart-studiobook-16-oled-h5600qm-ryzen-9-5900hx-laptop
Apple MacBook Pro 16-inch M2 Pro 16GB RAM 1TB SSD Space Gray (MNW93),https://www.startech.com.bd/apple-macbook-pro-16-inch-m2-pro-space-gray
"Asus ROG Flow X13 GV301QE Ryzen 9 5980HS RTX 3050 Ti 4GB Graphics (ROG XG Mobile GC31S with RTX 3080), 13.4"" 120Hz WUXGA Touch Gaming Laptop",https://www.startech.com.bd/asus-rog-flow-x13-gv301qe-ryzen-9-gaming-laptop
"Asus ROG Strix SCAR 17 G733ZX Core i9 12th Gen RTX 3080 Ti 16GB Graphics 17.3"" WQHD Gaming Laptop",https://www.startech.com.bd/asus-rog-strix-scar-17-g733zx-core-i9-12th-gen-gaming-laptop
Apple MacBook Pro 14-inch M2 Pro 16GB RAM 1TB SSD Space Gray (MPHF3),https://www.startech.com.bd/apple-macbook-pro-14-inch-m2-pro-space-gray
"Lenovo Legion 7 16ACHg6 Ryzen 9 5900HX RTX 3080 16GB Graphics 16"" 165Hz Gaming Laptop",https://www.startech.com.bd/lenovo-legion-7-16achg6-ryzen-9-5900hx-gaming-laptop
"ASUS ProArt Studiobook 16 OLED H5600QR Ryzen 9 5900HX RTX 3070 8GB Graphics 16"" OLED Laptop",https://www.startech.com.bd/asus-proart-studiobook-16-oled-h5600qr-ryzen-9-5900hx-laptop
"Dell XPS 15 9520 Core i7 12th Gen RTX 3050 Ti 4GB Graphics 15.6"" OLED 3.5K Touch Laptop",https://www.startech.com.bd/dell-xps-15-9520-core-i7-12th-gen-touch-laptop
"Asus ROG Zephyrus M16 GU603ZW Core i9 12th Gen RTX 3070 Ti 8GB Graphics 16"" 165Hz Gaming Laptop",https://www.startech.com.bd/asus-rog-zephyrus-m16-gu603zw-core-i9-12th-gen-gaming-laptop
"ASUS ProArt Studiobook Pro 16 OLED W7600H3A Core i7 11th Gen RTX A3000 6GB Graphics 16"" OLED Laptop",https://www.startech.com.bd/asus-proart-studiobook-pro-16-oled-w7600h3a-i7-11th-gen-a3000-6gb-graphics-laptop
"ASUS Zenbook Pro 16X OLED UX7602ZM-ME132W Core i9 12th Gen RTX 3060 6GB Graphics 16"" 4K Touch Laptop",https://www.startech.com.bd/asus-zenbook-pro-16x-oled-ux7602zm-core-i9-12th-gen-laptop
"Asus ROG Strix SCAR 16 G634JZ Core i9 13th Gen RTX 4080 Ti 12GB Graphics 16"" QHD+ Gaming Laptop",https://www.startech.com.bd/asus-rog-strix-scar-16-g634jz-core-i9-13th-gen-gaming-laptop
"Apple MacBook Pro 14-Inch M1 Max Chip, 32GB RAM, 1TB SSD (Z15H00107) Space Grey, Late 2021",https://www.startech.com.bd/apple-macbook-pro-14-inch-m1-max-chip-1tb-ssd
Apple MacBook Pro 16-Inch M1 Pro Chip 32GB RAM 1TB SSD Space Gray (Z14W00105),https://www.startech.com.bd/apple-macbook-pro-16-inch-m1-pro-32gb-ram-1tb-ssd-space-gray
"ASUS ZenBook 17 Fold OLED UX9702 Core i7 12th Gen 16GB RAM 1TB SSD 17.3"" Touch Display Foled Laptop",https://www.startech.com.bd/asus-zenbook-17-fold-oled-laptop
"MSI Creator Z16 HX Studio B13VFTO Core i7 13th Gen RTX 4060 8GB Graphics 16"" 2K QHD Gaming Laptop",https://www.startech.com.bd/msi-creator-z16-hx-studio-b13vfto-core-i7-13th-gen-gaming-laptop
Apple MacBook Pro 16-Inch M1 Max Chip 64GB RAM 4TB SSD Space Gray (MK233LL/A),https://www.startech.com.bd/apple-macbook-pro-16-inch-m1-max-chip-4tb-ssd-space-gray
"MSI Raider GE68 HX 13VG Core i9 13th Gen RTX 4070 8GB Graphics 16"" 4K UHD Gaming Laptop",https://www.startech.com.bd/msi-raider-ge68-hx-13vg-core-i9-13th-gen-gaming-laptop
"HP ENVY 13-ba1690TU Core i5 11th Gen 13.3"" FHD Laptop",https://www.startech.com.bd/hp-envy-13-ba1690tu-core-i5-11th-gen-laptop
"MSI Raider GE66 12UHS Core i9 12th Gen RTX 3080 Ti 16GB Graphics 15.6"" UHD Gaming Laptop",https://www.startech.com.bd/msi-raider-ge66-12uhs-core-i9-12th-gen-gaming-laptop
"Dell Latitude 14 5420 Core i5 11th Gen 14"" Full HD Laptop",https://www.startech.com.bd/dell-latitude-14-5420-core-i5-11th-gen-laptop
"HP 240 G8 Core i5 11th Gen 512GB SSD 14"" FHD Laptop",https://www.startech.com.bd/hp-240-g8-core-i5-11th-gen-fhd-laptop
"HP 245 G8 Ryzen 5 3500U 14"" FHD Laptop",https://www.startech.com.bd/hp-245-g8-ryzen-5-3500u-laptop
"HP 245 G8 Ryzen 5 3500U 512GB SSD 14"" FHD Laptop",https://www.startech.com.bd/hp-245-g8-ryzen-5-3500u-14-inch-laptop
Lenovo IdeaPad Slim 5i Core i7 11th Gen MX450 2GB Graphics 15.6-inch FHD Laptop,https://www.startech.com.bd/lenovo-ideapad-slim-5i-i7-11th-gen-fhd-laptop
"MSI Stealth 17 Studio A13VI Core i9 13th Gen 64GB RAM 4TB SSD RTX 4090 16GB Graphics 17.3"" 4K UHD 144Hz Gaming Laptop",https://www.startech.com.bd/msi-stealth-17-studio-a13vi-core-i9-13th-gen-gaming-laptop
"Dell Inspiron 15 3520 Core i5 12th Gen MX550 2GB Graphics 15.6"" FHD Laptop",https://www.startech.com.bd/dell-inspiron-15-3520-core-i5-12th-gen-fhd-laptop
"Asus ExpertBook B1 B1400CBA Core i5 12th Gen 14"" FHD Laptop",https://www.startech.com.bd/asus-expertbook-b1-b1400cba-core-i5-12th-gen-fhd-laptop
"Lenovo Legion 5 Pro 16ARH7H Ryzen 7 6800H RTX 3070 8GB Graphics 1TB SSD 16"" Gaming Laptop",https://www.startech.com.bd/lenovo-legion-5-pro-16arh7h-ryzen-7-6800h-gaming-laptop
"Lenovo Legion 5 15ACH6 Ryzen 7 5800H RTX 3050 4GB Graphics 15.6"" FHD Gaming Laptop",https://www.startech.com.bd/lenovo-legion-5-15ach6-ryzen-7-5800h-laptop
"Acer Aspire 5 5M-A515-58GM Core i5 13th Gen RTX 2050 4GB Graphics 15.6"" FHD Gaming Laptop",https://www.startech.com.bd/acer-aspire-5-5m-a515-58gm-gaming-laptop
"MSI Summit E13 Flip Evo A13MT Core i7 13th Gen 13.4"" FHD+ 120Hz Touch Laptop",https://www.startech.com.bd/msi-summit-e13-flip-evo-a13mt-core-i7-13th-gen-laptop
"Acer Predator Helios 16 PH16-71 Core i7 13th Gen RTX 4060 8GB Graphics 16"" IPS 240HZ Gaming Laptop",https://www.startech.com.bd/acer-predator-helios-16-ph16-71-gaming-laptop
"Lenovo IdeaPad 3 15ALC6 Ryzen 7 5700U 15.6"" FHD Laptop",https://www.startech.com.bd/lenovo-ideapad-3-15alc6-ryzen-7-5700u-fhd-laptop
"Microsoft Surface Pro 9 Core i7 12th Gen 16GB RAM 256GB SSD 13"" Multi-Touch Laptop for Business (QIM-00001)",https://www.startech.com.bd/microsoft-surface-pro-9-core-i7-12th-gen-multi-touch-laptop
"Microsoft Surface Go 3 Core i3 10th Gen 10.5"" MultiTouch Laptop (8VC-00001)",https://www.startech.com.bd/microsoft-surface-go-3-core-i3-10th-gen-multitouch-laptop
"Lenovo IdeaPad Flex 5 14ALC7 AMD Ryzen 5 5500U 14"" Touchscreen Laptop",https://www.startech.com.bd/lenovo-ideapad-flex-5-14alc7-amd-ryzen-5-laptop
"Lenovo IdeaPad Flex 5 14ALC7 AMD Ryzen 7 5700U 14"" Touchscreen Laptop",https://www.startech.com.bd/lenovo-ideapad-flex-5-14alc7-amd-ryzen-7-laptop
"Acer Predator Helios 16 PHN16-71 Core i7 13th Gen RTX 4070 8GB GDDR6 16"" 240HZ Gaming Laptop",https://www.startech.com.bd/acer-predator-helios-16-ph16-71-i7-gaming-laptop
"Acer Predator Helios 16 PHN16-72 Core i9 13th Gen RTX 4080 12GB GDDR6 16"" 240HZ Gaming Laptop",https://www.startech.com.bd/acer-predator-helios-16-phn16-72-gaming-laptop
"Asus ROG Strix G16 G614JU Core i7 13th Gen RTX 4050 6GB Graphics 16"" FHD+ Gaming Laptop",https://www.startech.com.bd/asus-rog-strix-g16-g614ju-core-i7-13th-gen-gaming-laptop
"Lenovo IdeaPad Slim 5i Pro Core i5 11th Gen 14"" 2.2K Laptop",https://www.startech.com.bd/lenovo-ideapad-slim-5i-pro-i5-11th-gen-14-inch-laptop
Apple MacBook Air (2023) Apple M2 Chip 15-Inch Liquid Retina Display 8GB RAM 256GB SSD Silver,https://www.startech.com.bd/apple-macbook-air-m2-chip-15-inch-silver
"Dell Inspiron 14 7420 2 in 1 Intel Core i7 12th Gen MX550 2GB Graphics 14"" 360° FHD Touch Laptop",https://www.startech.com.bd/dell-inspiron-14-7420-2-in-1-intel-core-i7-12th-gen-fhd-laptop
"Lenovo Legion 5i Pro Core i7 11th Gen RTX 3070 8GB Graphics 16"" 2.5K 165Hz Gaming Laptop",https://www.startech.com.bd/lenovo-legion-5i-pro-core-i7-11th-gen-laptop
Apple MacBook Pro 14-Inch M1 Pro Chip 32GB RAM 512GB SSD (Z15G001WA) Space Gray Late 2021,https://www.startech.com.bd/apple-macbook-pro-14-ich-m1-pro-chip-32gb-ram-512gb-ssd-space-gray
"MSI GF63 THIN 11UC Core i7 11th Gen RTX 3050 Max-Q 4GB Graphics 15.6"" FHD Gaming Laptop",https://www.startech.com.bd/msi-gf63-thin-11uc-i7-11th-gen-256gb-ssd-fhd-gaming-laptop
"MSI GF63 THIN 11UC i7 11th Gen 256GB SSD, 1TB HDD RTX 3050 Max-Q 4GB Graphics 15.6"" FHD Gaming Laptop",https://www.startech.com.bd/msi-gf63-thin-11uc-i7-11th-gen-256gb-ssd-1tb-hdd-gaming-laptop
"MSI GF63 THIN 11UC Core i5 11th Gen 256GB SSD, 1TB HDD RTX 3050 Max-Q 4GB Graphics 15.6"" FHD Gaming Laptop",https://www.startech.com.bd/msi-gf63-thin-11uc-i5-11th-gen-256gb-ssd-1tb-hdd-fhd-gaming-laptop
"Microsoft Surface Pro 9 Core i7 12th Gen 13"" Multi-Touch Laptop (QLP-00001)",https://www.startech.com.bd/microsoft-surface-pro-9-core-i7-12th-gen-laptop
"HP EliteBook 830 G8 Core i7 11th Gen 13.3"" FHD Laptop with 03 Years Warranty",https://www.startech.com.bd/hp-elitebook-830-g8-core-i7-11th-gen-fhd-laptop
"HP EliteBook 830 G8 Core i7 11th Gen 13.3"" FHD Laptop",https://www.startech.com.bd/hp-elitebook-830-g8-i7-11th-gen-laptop
"Walton Prelude N5000A Pentium N5000 14"" HD Laptop",https://www.startech.com.bd/walton-prelude-n5000a-pentium-n5000-laptop
"Lenovo IdeaPad Slim 3i Celeron N4020 14"" FHD Laptop",https://www.startech.com.bd/lenovo-ideapad-slim-3i-celeron-n4020-fhd-laptop
"Dell Inspiron 15 3510 Intel Celeron N4020 15.6"" HD Laptop",https://www.startech.com.bd/dell-inspiron-15-3510-intel-celeron-n4020-laptop
"Dell Inspiron 15 3510 Intel Pentium Silver N5030 15.6"" HD Laptop",https://www.startech.com.bd/dell-inspiron-15-3510-intel-pentium-silver-n5030-laptop
"Acer One 14 Z2-493 Ryzen 3 3250U 14"" HD Laptop",https://www.startech.com.bd/acer-one-14-z2-493-ryzen-3-3250u-laptop
"HP 15s-fq3234TU Celeron N4500 15.6"" FHD Laptop",https://www.startech.com.bd/hp-15s-fq3234tu-celeron-n4500-laptop
"Asus Vivobook X515KA Celeron N4500 15.6"" HD Laptop",https://www.startech.com.bd/asus-vivobook-x515ka-celeron-n4500-laptop
"Dell Vostro 14 3405 Ryzen 3 3250U 14"" FHD Laptop with Windows 10",https://www.startech.com.bd/dell-vostro-14-3405-laptop
"Asus VivoBook 15 X515FA Core i3 10th Gen 15.6"" FHD Laptop",https://www.startech.com.bd/asus-vivobook-15-x515fa-intel-core-i3-10th-gen-laptop
"Dell Vostro 15 3500 Core i3 11th Gen 15.6"" FHD Laptop with 3 Years Warranty",https://www.startech.com.bd/dell-vostro-15-3500-laptop
Acer Aspire 3 A315-23 Ryzen 3 3250U 8GB RAM 15.6'' FHD Laptop,https://www.startech.com.bd/acer-aspire-3-a315-23-ryzen-3-3250u-8gb-ram-fhd-laptop
"Lenovo IdeaPad Slim 3i Core i3 10th Gen 15.6"" FHD Laptop",https://www.startech.com.bd/lenovo-ideapad-slim-3i-core-i3-10th-gen-fhd-laptop
"ASUS VivoBook 15 X515JA Core i3 10th Gen 8GB RAM 15.6"" FHD Laptop",https://www.startech.com.bd/asus-vivobook-15-x515ja-core-i3-10th-gen-fhd-laptop
"Xiaomi RedmiBook 15 Core i3 11th Gen 15.6"" FHD Laptop",https://www.startech.com.bd/xiaomi-redmibook-15-core-i3-11th-gen-laptop
"HP 250 G8 Core i3 11th Gen 15.6"" 4GB RAM 1TB HDD Laptop",https://www.startech.com.bd/hp-250-g8-core-i3-11th-gen-full-hd-laptop
"Acer Aspire 3 A315-58 Core i3 11th Gen 512GB SSD 15.6"" FHD Laptop",https://www.startech.com.bd/acer-aspire-3-a315-58-core-i3-11th-gen-fhd-laptop
"Dell Latitude 15-3520 Core i3 1115G4 15.6"" HD Laptop",https://www.startech.com.bd/dell-latitude-15-3520-core-i3-1115g4-laptop
"HP 250 G8 Core i3 11th Gen 1TB HDD+256GB SSD 15.6"" FHD Laptop",https://www.startech.com.bd/hp-250-g8-core-i3-11th-gen-256gb-ssd-laptop
"HP 15s-du3611TU Core i3 11th Gen 15.6"" FHD Laptop",https://www.startech.com.bd/hp-15s-du3611tu-core-i3-11th-gen-laptop
"Acer TravelMate TMP215-53 Core i3 11th Gen 15.6"" FHD Laptop",https://www.startech.com.bd/acer-travelmate-tmp215-53-core-i3-11th-gen-laptop
"Lenovo IdeaPad Slim 3i Core i3 11th Gen 1TB HDD 15.6"" FHD Laptop",https://www.startech.com.bd/lenovo-ideapad-slim-3i-core-i3-fhd-laptop
"HP 250 G8 Core i3 11th Gen 8GB RAM 15.6"" FHD Laptop",https://www.startech.com.bd/hp-250-g8-core-i3-11th-gen-laptop
"Acer Aspire 3 A315-58 Core i5 1135G7 11th Gen 15.6"" FHD Laptop",https://www.startech.com.bd/acer-aspire-3-a315-58-core-i5-1135g7-11th-gen-fhd-laptop
"Acer Extensa 15 EX215-54-596B Core i5 11th Gen 15.6"" FHD Laptop",https://www.startech.com.bd/acer-extensa-15-ex215-54-596b-core-i5-11th-gen-laptop
"HP 240 G8 Core i3 11th Gen 14"" FHD Laptop",https://www.startech.com.bd/hp-240-g8-core-i3-11th-gen-laptop
"HP 15s-eq2171AU Ryzen 3 5300U 15.6"" FHD Laptop",https://www.startech.com.bd/hp-15s-eq2171au-ryzen-3-5300u-laptop
"ASUS VivoBook 15 X515EA Core i3 11th Gen 8GB RAM 512GB SSD 15.6"" FHD Laptop With Fingerprint",https://www.startech.com.bd/asus-vivobook-15-x515ea-i3-11th-gen-fhd-laptop
"HP 15s-fq5487TU Core i3 12th Gen 15.6"" FHD Laptop",https://www.startech.com.bd/hp-15s-fq5487tu-core-i3-12th-gen-laptop
"HP 15s-du3811TU Core i3 11th Gen 15.6"" FHD Laptop",https://www.startech.com.bd/hp-15s-du3811tu-core-i3-11th-gen-laptop
"Realme Book Core i3 11th Gen 256GB SSD 14"" 2k UHD Laptop",https://www.startech.com.bd/realme-book-core-i3-11th-gen-laptop
"Acer TravelMate TMP215-53 Core i3 11th Gen 8GB RAM 15.6"" FHD Laptop",https://www.startech.com.bd/acer-travelmate-tmp215-53-core-i3-11th-gen-fhd-laptop
"Lenovo IdeaPad 1 14AMN7 AMD Ryzen 5 14"" FHD Laptop with DDR5 RAM",https://www.startech.com.bd/lenovo-ideapad-1-14amn7-amd-ryzen-5-fhd-laptop
"Lenovo IdeaPad Slim 3i Core i3 11th Gen 15.6"" FHD Laptop",https://www.startech.com.bd/lenovo-ideapad-slim-3i-core-i3-11th-gen-fhd-laptop
"HP 15s-fq2644TU Core i3 11th Gen 15.6"" HD Laptop",https://www.startech.com.bd/hp-15s-fq2644tu-core-i3-11th-gen-laptop
"Xiaomi RedmiBook 15 Pro Core i5 11th Gen 15.6"" FHD Laptop",https://www.startech.com.bd/xiaomi-redmibook-15-pro-core-i5-11th-gen-laptop
"Asus VivoBook 14 X1400EA Core i3 11th Gen 14"" FHD Laptop",https://www.startech.com.bd/asus-vivobook-14-x1400ea-core-i3-fhd-laptop
"Dell Latitude 14 3420 Core i3 11th Gen 14"" HD Laptop",https://www.startech.com.bd/dell-latitude-14-3420-core-i3-11th-gen-laptop
"Lenovo ThinkPad E14 Core i3 11th Gen 14"" FHD Laptop",https://www.startech.com.bd/lenovo-thinkpad-e14-core-i3-11th-gen-laptop
"Lenovo V14 Core i5 11th Gen 14"" FHD Laptop With 256GB SSD",https://www.startech.com.bd/lenovo-v14-i5-11th-gen-fhd-laptop
"Lenovo V14 Core i5 11th Gen 1TB SATA 14"" FHD Laptop",https://www.startech.com.bd/lenovo-v14-core-i5-11th-gen-fhd-laptop
"Lenovo IdeaPad 1 14AMN7 AMD Ryzen 5 500GB SSD 14"" FHD Laptop with DDR5 RAM",https://www.startech.com.bd/lenovo-ideapad-1-14amn7-amd-ryzen-5-laptop
"HP 14s-dq5345TU Core i3 12th Gen 14"" FHD Laptop",https://www.startech.com.bd/hp-14s-dq5345tu-core-i3-12th-gen-laptop
"MSI Modern 14 C12M Core i3 12th Gen 14"" FHD Laptop",https://www.startech.com.bd/msi-modern-14-c12m-core-i3-12th-gen-laptop
"Acer Aspire 3 A315-58 Core i5 11th Gen 512GB SSD 15.6"" FHD Laptop",https://www.startech.com.bd/acer-aspire-3-a315-58-core-i5-11th-gen-512gb-ssd-laptop
"HP 14s-fq2123AU Ryzen 5 5625U 14"" FHD Laptop",https://www.startech.com.bd/hp-14s-fq2123au-ryzen-5-5625u-laptop
"Lenovo IdeaPad 3 14ABA7 Ryzen 5 5625U 14"" FHD Laptop",https://www.startech.com.bd/lenovo-ideapad-3-14aba7-ryzen-5-5625u-fhd-laptop
"Acer TravelMate TMP214-53 Core i5 11th Gen 512GB SSD 14"" FHD Laptop",https://www.startech.com.bd/acer-travelmate-tmp214-53-core-i5-11th-gen-fhd-laptop
"HP 15s-eq2690AU Ryzen 5 5500U 15.6"" FHD Laptop",https://www.startech.com.bd/hp-15s-eq2690au-ryzen-5-5500u-laptop
"HP 15s-eq3234AU Ryzen 5 5625U 15.6"" FHD Laptop",https://www.startech.com.bd/hp-15s-eq3234au-ryzen-5-5625u-laptop
"Xiaomi RedmiBook Pro 14 Ryzen 5 5500U 14"" Laptop",https://www.startech.com.bd/xiaomi-redmibook-pro-14-ryzen-5-5500u-laptop
"Lenovo IdeaPad 3 14ABA7 Ryzen 5 5625U 512GB SSD 14"" FHD Laptop",https://www.startech.com.bd/lenovo-ideapad-3-14aba7-ryzen-5-fhd-laptop
"HP 15s-du3561TU Core i5 11th Gen 15.6"" FHD Laptop",https://www.startech.com.bd/hp-15s-du3561tu-core-i5-11th-gen-laptop
"HP ProBook 445 G8 Ryzen 3 5400U 14"" FHD Laptop",https://www.startech.com.bd/hp-probook-445-g8-ryzen-3-5400u-laptop
"Lenovo IdeaPad 3 Ryzen 5 5500U 15.6"" FHD Laptop",https://www.startech.com.bd/lenovo-ideapad-3-ryzen-5-5500u-laptop
"ASUS ExpertBook P1 P1412CEA Core i5 11th Gen 14"" FHD Laptop",https://www.startech.com.bd/asus-expertbook-p1-p1412cea-core-i5-11th-gen-laptop
"HP 250 G8 Core i5 11th Gen 15.6"" FHD Laptop",https://www.startech.com.bd/hp-250-g8-core-i5-11th-gen-laptop
"ASUS VivoBook 15 X1502ZA Core i3 12th Gen 512GB SSD 15.6"" FHD Laptop",https://www.startech.com.bd/asus-vivobook-15-x1502za-i3-12th-gen-laptop
"HP 240 G8 Core i5 11th Gen 14"" FHD Laptop",https://www.startech.com.bd/hp-240-g8-core-i5-11th-gen-laptop
"Dell Inspiron 15 3511 Core i5 11th Gen 512GB SSD 15.6"" FHD Laptop",https://www.startech.com.bd/dell-inspiron-15-3511-core-i5-11th-gen-512gb-ssd-fhd-laptop
"HP ProBook 440 G8 Core i3 11th Gen 14"" FHD Laptop",https://www.startech.com.bd/hp-probook-440-g8-core-i3-11th-gen-fhd-laptop
"ASUS ExpertBook P1 P1412CEA Core i5 11th 8GB RAM Gen 14"" FHD Laptop",https://www.startech.com.bd/asus-expertbook-p1-p1412cea-core-i5-11th-gen-fhd-laptop
"Dell Latitude 14 3420 Core i3 11th Gen 14"" FHD Laptop",https://www.startech.com.bd/dell-latitude-14-3420-core-i3-11th-gen-fhd-laptop
"HP 15s-fq5886TU Core i5 12th Gen 15.6"" FHD Laptop",https://www.startech.com.bd/hp-15s-fq5886tu-core-i5-12th-gen-laptop
"HP 15s-fq2643TU Core i5 11th Gen 15.6"" HD Laptop",https://www.startech.com.bd/hp-15s-fq2643tu-core-i5-11th-gen-laptop
"Xiaomi RedmiBook Pro 14 Ryzen 7 5700U 14"" Laptop",https://www.startech.com.bd/xiaomi-redmibook-pro-14-ryzen-7-5700u-laptop
"ASUS VivoBook 15 X1500EA Core i5 11th Gen 15.6"" FHD Laptop",https://www.startech.com.bd/asus-vivobook-15-x1500ea-core-i5-11th-gen-laptop
"Lenovo IdeaPad 3 Ryzen 7 5700U 14"" FHD Laptop with Windows 11",https://www.startech.com.bd/lenovo-ideapad-3-ryzen-7-fhd-laptop
"Acer Aspire 5 A515-56G Core i5 11th Gen MX350 2GB Graphics 15.6"" FHD Laptop",https://www.startech.com.bd/acer-aspire-5-a515-56g-core-i5-11th-gen-laptop
"HP Pavilion 15-eh1890AU Ryzen 5 5500U 15.6"" FHD Laptop",https://www.startech.com.bd/hp-pavilion-15-eh1890au-ryzen-5-fhd-laptop
"HP Pavilion 14-dv1234TU Core i5 11th Gen 14"" FHD Laptop",https://www.startech.com.bd/hp-pavilion-14-dv1234tu-core-i5-11th-gen-laptop
"HP 15s-fq5489TU Core i5 12th Gen 15.6"" FHD Laptop",https://www.startech.com.bd/hp-15s-fq5489tu-core-i5-12th-gen-laptop
"HP 14s-dq5445TU Core i5 12th Gen 14"" FHD Laptop",https://www.startech.com.bd/hp-14s-dq5445tu-core-i5-12th-gen-laptop
"MSI Modern 14 C5M Ryzen 5 5625U 14"" FHD Laptop",https://www.startech.com.bd/msi-modern-14-c5m-ryzen-5-5625u-laptop
"MSI Modern 14 C12M Core i5 12th Gen 16GB RAM 14"" FHD Laptop",https://www.startech.com.bd/msi-modern-14-c12m-i5-12th-gen-laptop
"MSI Modern 14 C12M Core i5 12th Gen 14"" FHD Laptop Urban Silver",https://www.startech.com.bd/msi-modern-14-c12m-i5-12th-gen-laptop-urban-silver
"Asus VivoBook 14 X1400EA Core i5 11th Gen 14"" FHD Laptop",https://www.startech.com.bd/asus-vivobook-14-x1400ea-core-i5-fhd-laptop
"Huawei MateBook D14 Core i5 11th Gen 14"" FHD Laptop",https://www.startech.com.bd/huawei-matebook-d-14-core-i5-11th-gen-laptop
"HP Pavilion 15-eg1678TU Core i5 11th Gen 15.6"" FHD Laptop",https://www.startech.com.bd/hp-pavilion-15-eg1678tu-core-i5-fhd-laptop
"HP 15s-du3039TX Core i5 11th Gen MX450 2GB Graphics 15.6"" FHD Laptop",https://www.startech.com.bd/hp-15s-du3039tx-core-i5-11th-gen-laptop
"HP 15s-eq3334AU Ryzen 7 5825U 15.6"" FHD Laptop",https://www.startech.com.bd/hp-15s-eq3334au-ryzen-7-5825u-laptop
"HP ProBook 445 G8 Ryzen 5 5600U 14"" FHD Laptop",https://www.startech.com.bd/hp-probook-445-g8-ryzen-5-5600u-laptop
"HP 15s-du3787TX Core i5 11th Gen 15.6"" FHD Laptop",https://www.startech.com.bd/hp-15s-du3787tx-core-i5-11th-gen-laptop
"HP Pavilion 13-bb0787TU Core i5 11th Gen 13.3"" FHD Laptop",https://www.startech.com.bd/hp-pavilion-13-bb0787tu-core-i5-11th-gen-laptop
"Dell Latitude 14 3420 Core i5 11th Gen 14"" FHD Laptop",https://www.startech.com.bd/dell-latitude-14-3420-core-i5-11th-gen-512gb-ssd-laptop
"MSI Modern 15 B12M Core i5 12th Gen 15.6"" FHD Laptop",https://www.startech.com.bd/msi-modern-15-b12m-core-i5-12th-gen-laptop
"HP Pavilion 15-eg2786TU Core i5 12th Gen 15.6"" FHD Laptop",https://www.startech.com.bd/hp-pavilion-15-eg2786tu-i5-12th-gen-fhd-laptop
"HP Pavilion 15-eg2586TU Core i5 12th Gen 15.6"" FHD Laptop",https://www.startech.com.bd/hp-pavilion-15-eg2586tu-core-i5-12th-gen-laptop
"HP 15s-du3562TU Core i7 11th Gen 15.6"" FHD Laptop",https://www.startech.com.bd/hp-15s-du3562tu-core-i7-11th-gen-laptop
"HP 15s-eq2335AU Ryzen 7 5700U 15.6"" FHD Laptop",https://www.startech.com.bd/hp-15s-eq2335au-ryzen-7-5700u-laptop
"MSI Modern 14 C12M Core i5 12th Gen 14"" FHD Laptop",https://www.startech.com.bd/msi-modern-14-c12m-core-i5-12th-gen-laptop
"MSI GF63 THIN 11UC Core i5 11th Gen RTX 3050 Max-Q 4GB Graphics 15.6"" FHD Gaming Laptop",https://www.startech.com.bd/msi-gf63-thin-11uc-i5-11th-gen-256gb-ssd-fhd-gaming-laptop
"HP Pavilion 15-eh1678AU Ryzen 7 5700U 15.6"" FHD Laptop",https://www.startech.com.bd/hp-pavilion-15-eh1678au-ryzen-7-5700u-laptop
"Asus ExpertBook B1 B1500CEPE Core i5 11th Gen MX330 2GB Graphics 15.6"" FHD Laptop",https://www.startech.com.bd/asus-expertbook-b1-b1500cepe-core-i5-11th-gen-laptop
"Dell Inspiron 15 3525 Ryzen 7 5825U 15.6"" FHD Laptop",https://www.startech.com.bd/dell-inspiron-15-3525-ryzen-7-fhd-laptop
"Dell Latitude 14 3420 Core i5 11th Gen 512GB SSD 14"" HD Laptop",https://www.startech.com.bd/dell-latitude-14-3420-core-i5-11th-gen-hd-laptop
"ASUS VivoBook 15 X1502ZA Core i5 12th Gen 15.6"" FHD Laptop",https://www.startech.com.bd/asus-vivobook-15-x1502za-core-i5-12th-gen-laptop
"MSI Modern 14 B11SB Core i5 11th Gen MX450 2GB Graphics 14"" FHD Laptop",https://www.startech.com.bd/msi-modern-14-b11sb-core-i5-11th-gen-laptop
"Dell Vostro 14 3400 Core i5 11th Gen 8GB RAM 14"" FHD Laptop",https://www.startech.com.bd/dell-vostro-14-3400-i5-11th-gen-fhd-laptop
Dell Inspiron 15 3511 Core i5 11th Gen 512GB SSD MX350 2GB Graphics with Fingerprint,https://www.startech.com.bd/dell-inspiron-15-3511-core-i5-11th-gen-2gb-graphics-laptop
"Dell Vostro 15 3510 Core i5 11th Gen MX350 2GB Graphics 15.6"" FHD Laptop",https://www.startech.com.bd/dell-vostro-15-3510-core-i5-11th-gen-laptop
"HP Pavilion 15-eg1043TX Core i5 11th Gen MX450 2GB Graphics 15.6"" FHD Laptop",https://www.startech.com.bd/hp-pavilion-15-eg1043tx-core-i5-11th-gen-laptop
"HP Pavilion x360 Convertible 14-dy1290TU Core i5 11th Gen 14"" FHD Touch Laptop",https://www.startech.com.bd/hp-pavilion-x360-convertible-14-dy1290tu-laptop
"MSI Modern 15 B12M Core i7 12th Gen 8GB RAM 15.6"" FHD Laptop",https://www.startech.com.bd/msi-modern-15-b12m-core-i7-12th-gen-8gb-ram-laptop
"Lenovo IdeaPad Flex 5 AMD Ryzen 5 5500U 14"" FHD Touch Laptop",https://www.startech.com.bd/lenovo-ideapad-flex-5-amd-ryzen-5-5500u-14-inch-touch-laptop
"Lenovo ThinkPad E14 Gen 2 Core i5 11th Gen 14"" FHD Laptop",https://www.startech.com.bd/lenovo-thinkpad-e14-gen-2-laptop
"HP ProBook 450 G9 Core i5 12th Gen 15.6"" FHD Laptop with Windows 11",https://www.startech.com.bd/hp-probook-450-g9-core-i5-12th-gen-fhd-laptop
"HP Pavilion 15-eg2074TU Core i5 12th Gen 15.6"" FHD Laptop",https://www.startech.com.bd/hp-pavilion-15-eg2074tu-core-i5-12th-gen-laptop
"HP Pavilion 15-eg2073TU Core i5 12th Gen 15.6"" FHD Laptop",https://www.startech.com.bd/hp-pavilion-15-eg2073tu-core-i5-12th-gen-laptop
"MSI Modern 14 C12M Core i7 12th Gen 14"" FHD Laptop",https://www.startech.com.bd/msi-modern-14-c12m-core-i7-12th-gen-laptop
"Acer Swift Go 14 SFG14-41-R3FA Ryzen 5 7530U 14"" FHD Laptop",https://www.startech.com.bd/acer-swift-go-14-sfg14-41-r3fa-ryzen-5-7530u-laptop
"HP 15s-fq5986TU Core i7 12th Gen 15.6"" FHD Laptop",https://www.startech.com.bd/hp-15s-fq5986tu-core-i7-12th-gen-laptop
"Acer Swift Go 14 SFG14-41 Ryzen 5 7530U 14"" FHD Laptop",https://www.startech.com.bd/acer-swift-go-14-sfg14-41-ryzen-5-7530u-laptop
"HP 14s-dq5545TU Core i7 12th Gen 14"" FHD Laptop",https://www.startech.com.bd/hp-14s-dq5545tu-core-i7-12th-gen-laptop
"ASUS ExpertBook B5 B5302CEA Core i5 11th Gen 13.3"" FHD Laptop",https://www.startech.com.bd/asus-expertbook-b5-b5302cea-core-i5-11th-gen-laptop
"Xiaomi Mi NoteBook Ultra Core i7 11th Gen 15.6"" 3.2K Display Laptop",https://www.startech.com.bd/xiaomi-notebook-ultra-i7-11th-gen-laptop
"MSI GF63 THIN 11SC Core i7 11th Gen GTX 1650 4GB Graphics 15.6"" FHD 144hz Gaming Laptop",https://www.startech.com.bd/msi-gf63-thin-11sc-core-i7-11th-gen-fhd-gaming-laptop
"ASUS TUF Gaming F15 FX506HF Core i5 11th Gen RTX 2050 4GB Graphics 15.6"" FHD Gaming Laptop",https://www.startech.com.bd/asus-tuf-gaming-f15-fx506hf-core-i5-11th-gen-gaming-laptop
"Acer Aspire 5 A515-57G Core i5 12th Gen RTX 2050 4GB Graphics 15.6"" FHD Gaming Laptop",https://www.startech.com.bd/acer-aspire-5-a515-57g-core-i5-12th-gen-gaming-laptop
"Dell Inspiron 15 3520 Core i7 12th Gen 15.6"" FHD Laptop",https://www.startech.com.bd/dell-inspiron-15-3520-core-i7-fhd-laptop
"Lenovo IdeaPad Flex 5 Ryzen 7 5700U 14"" FHD Touch Laptop",https://www.startech.com.bd/lenovo-ideapad-flex-5-ryzen-7-5700u-touch-laptop
"ASUS VivoBook 14X X1403ZA Core i5 12th Gen 14"" OLED Laptop",https://www.startech.com.bd/asus-vivobook-14x-x1403za-core-i5-12th-gen-oled-laptop
"HP 15s-du3520TX Core i7 11th Gen MX450 2GB Graphics 15.6"" FHD Laptop",https://www.startech.com.bd/hp-15s-du3520tx-core-i7-11th-gen-laptop
"Asus VivoBook 15 OLED K513EQ Core i5 11th Gen MX350 2GB Graphics 15.6"" FHD Laptop",https://www.startech.com.bd/asus-vivobook-15-oled-k513eq-core-i5-laptop
"HP Pavilion 15-eg2072tu Core i7 12th Gen 15.6"" FHD Laptop",https://www.startech.com.bd/hp-pavilion-15-eg2072tu-core-i7-12th-gen-laptop
"MSI Katana GF66 11UC Core i5 11th Gen RTX3050 4GB Graphics 15.6"" Gaming Laptop",https://www.startech.com.bd/msi-katana-gf66-11uc-core-i5-11th-gen-gaming-laptop
"MSI Bravo 15 B5DD Ryzen 5 5600H RX 5500M 4GB Graphics 15.6"" FHD 144Hz Gaming Laptop",https://www.startech.com.bd/msi-bravo-15-b5dd-ryzen-5-5600h-gaming-laptop
"Apple MacBook Air 13.3-Inch Retina Display 8-core Apple M1 chip with 8GB RAM, 256GB SSD (MGN93) Silver",https://www.startech.com.bd/apple-macbook-air-13-3-inch-m1-chip-laptop-256gb-ssd-silver
"GIGABYTE G5 GD Core i5 11th Gen RTX 3050 4GB Graphics 15.6"" FHD Gaming Laptop",https://www.startech.com.bd/gigabyte-g5-gd-core-i5-11th-gen-gaming-laptop
"Asus ZenBook 14 UX425EA Intel Core i5 1135G7 11th Gen 14"" FHD WV Laptop",https://www.startech.com.bd/asus-zenbook-14-ux425ea-intel-core-i5-1135g7-14-inch-fhd-laptop
"Microsoft Surface Pro 8 Core i5 11th Gen 8GB RAM 128GB SSD 13"" MultiTouch 2-in-1 Detachable Laptop (8PQ-00001)",https://www.startech.com.bd/microsoft-surface-pro-8-core-i5-11th-gen-13-inch-2-in-1-laptop
"Asus ExpertBook B1 B1400CEAE Core i7 11th Gen 14"" FHD Laptop",https://www.startech.com.bd/asus-expertbook-b1-b1400ceae-core-i7-11th-gen-laptop
"Acer Swift 3 SF314-52-532A Core i5 12th Gen 14"" QHD Laptop",https://www.startech.com.bd/acer-swift-3-sf314-52-532a-core-i5-12th-gen-laptop
Asus ExpertBook B3 Flip B3402FEA Core i7 16gb Ram 14-inch 400 Nits 360° FHD Touch Laptop,https://www.startech.com.bd/asus-expertbook-b3-flip-b3402fea-core-i7-laptop
"Acer Aspire 7 A715-51G Core i5 12th Gen RTX 3050 4GB Graphics 15.6"" FHD Gaming Laptop",https://www.startech.com.bd/acer-aspire-7-a715-51g-core-i5-12th-gen-gaming-laptop
"Lenovo ThinkPad L14 Gen 3 Core i5 12th Gen 14"" FHD Business Laptop",https://www.startech.com.bd/lenovo-thinkpad-l14-gen-3-core-i5-12th-gen-fhd-laptop
"Asus VivoBook 15 K513EQ Core i7 11th Gen 15.6"" FHD Laptop with Windows 11",https://www.startech.com.bd/asus-vivobook-15-k513eq-core-i7-11th-gen-fhd-laptop
"HP ProBook 440 G8 Core i7 11th Gen 16GB RAM 14"" FHD Laptop",https://www.startech.com.bd/hp-probook-440-g8-core-i7-11th-gen-fhd-laptop
GIGABYTE G5 GE Core i5 12th Gen RTX 3050 4GB Graphics 15.6'' FHD 144Hz Gaming Laptop,https://www.startech.com.bd/gigabyte-g5-ge-core-i5-12th-gen-fhd-laptop
"Microsoft Surface Laptop 4 Ryzen 5 4680U 8GB RAM 256GB SSD 13.5"" Touch Laptop (5PB-00018)",https://www.startech.com.bd/microsoft-surface-laptop-4-ryzen-5-4680u-256gb-ssd-laptop
"Acer Nitro 5 AN515-58-58TZ Core i5 12th Gen RTX 3050 4GB Graphics 15.6"" FHD 144Hz Gaming Laptop",https://www.startech.com.bd/acer-nitro-5-an515-58-58tz-core-i5-12th-gen-gaming-laptop
"Machenike L15 Core i5 12th Gen RTX 3050 Ti 4GB Graphics 15.6"" FHD 144Hz Gaming Laptop",https://www.startech.com.bd/machenike-l15-core-i5-12th-gen-fhd-gaming-laptop
"HP ENVY x360 Convert 13-ay1123AU Ryzen 7 5800U 13.3"" FHD Touch Laptop",https://www.startech.com.bd/hp-envy-x360-convert-13-ay1123au-ryzen-7-5800u-laptop
"Dell Latitude 14 3420 Core i7 11th Gen MX350 2GB Graphics 14"" FHD Laptop",https://www.startech.com.bd/dell-latitude-14-3420-core-i7-11th-gen-laptop
"Acer Nitro 5 AN515-45-R4TJ Ryzen 7 256GB SSD RTX 3050Ti 4GB Graphics 15.6"" FHD 144Hz Gaming Laptop",https://www.startech.com.bd/acer-nitro-5-an515-45-r4tj-ryzen-7-gaming-laptop
"Acer Nitro 5 AN515-46-R3U8 Ryzen 5 6600H RTX 3050 4GB Graphics 15.6"" QHD 165Hz Gaming Laptop",https://www.startech.com.bd/acer-nitro-5-an515-46-r3u8-ryzen-5-6600h-gaming-laptop
"Lenovo IdeaPad Flex 5i Core i5 12th Gen 14"" 360° WUXGA Touch Laptop",https://www.startech.com.bd/lenovo-ideapad-flex-5i-core-i5-12th-gen-touch-laptop
"Asus VivoBook 15 K513EQ Core i7 11th Gen 15.6"" OLED FHD Laptop",https://www.startech.com.bd/asus-vivobook-15-k513eq-core-i7-11th-gen-oled-laptop
"ASUS VivoBook Pro 15 K3500PH Core i5 11th Gen GTX 1650 MAX-Q 4GB Graphics 15.6"" FHD Laptop With Windows 11",https://www.startech.com.bd/asus-vivobook-pro-15-k3500ph-i5-11th-gen-fhd-laptop
"MSI GF63 THIN 11UC Core i7 11th Gen RTX 3050 Max-Q 4GB Graphics 1TB SSD 15.6"" FHD Gaming Laptop",https://www.startech.com.bd/msi-gf63-thin-11uc-core-i7-11th-gen-fhd-laptop
"HP Pavilion Gaming 15-dk2456TX Core i5 11th RTX 3050 4GB Graphics 15.6"" FHD Gaming Laptop",https://www.startech.com.bd/hp-pavilion-gaming-15-dk2456tx-core-i5-11th-laptop
"ASUS TUF Gaming F15 FA507RF Ryzen 7 6800HS RTX 2050 4GB Graphics 15.6"" FHD Gaming Laptop",https://www.startech.com.bd/asus-tuf-gaming-f15-fa507rf-ryzen-7-6800hs-laptop
"Dell Inspiron 14 7420 2 in 1 Intel Core i5 12th Gen 14"" 360° FHD Touch Laptop",https://www.startech.com.bd/dell-inspiron-14-7420-2-in-1-intel-core-i5-12th-gen-fhd-laptop
"ASUS ExpertBook B5 Flip B5302FEA Core i7 11th Gen 13.3"" FHD OLED Touch Laptop",https://www.startech.com.bd/asus-expertbook-b5-flip-b5302fea-core-i7-11th-gen-laptop
"Lenovo ThinkPad L14 Gen 3 Core i7 12th Gen 14"" FHD Business Laptop",https://www.startech.com.bd/lenovo-thinkpad-l14-gen-3-core-i7-12th-gen-fhd-laptop
"Asus TUF Gaming A15 FA506ICB Ryzen 7 4800H RTX 3050 4GB Graphics 15.6"" FHD Gaming Laptop",https://www.startech.com.bd/asus-tuf-gaming-a15-fa506icb-ryzen-7-4800h-laptop
"Microsoft Surface Pro 8 Core i5 11th Gen 8GB RAM 256GB SSD 13"" MultiTouch 2-in-1 Detachable Laptop (8PQ-00028)",https://www.startech.com.bd/microsoft-surface-pro-8-core-i5-13-inch-2-in-1-laptop
"Samsung Galaxy Book2 360 Core i5 12th Gen 13.3"" FHD AMOLED Touch Laptop",https://www.startech.com.bd/samsung-galaxy-book2-360-core-i5-12th-gen-touch-laptop
"Asus ZenBook 14 OLED UM3402YA Ryzen 5 5625U 14"" WQHD Laptop",https://www.startech.com.bd/asus-zenbook-14-oled-um3402ya-ryzen-5-5625u-14-inch-laptop
"Dell Inspiron 16 5620 Core i7 12th Gen 16"" FHD+ Laptop",https://www.startech.com.bd/dell-inspiron-16-5620-core-i7-12th-gen-laptop
"Apple MacBook Air 13.3-Inch Retina Display 8-core Apple M1 chip with 8GB RAM, 512GB SSD (MGNA3) Silver",https://www.startech.com.bd/apple-macbook-air-13-3-inch-m1-chip-laptop-silver
"Acer Nitro 5 AN515-45-R7BF Ryzen 5 16GB RAM 256GB SSD RTX 3060 6GB Graphics 15.6"" FHD 144Hz Gaming Laptop",https://www.startech.com.bd/acer-nitro-5-an515-45-r7bf-ryzen-5-gaming-laptop
"HP Pavilion Gaming 15-ec2908AX Ryzen 7 5800H RTX 3050 4GB Graphics 15.6"" FHD Laptop",https://www.startech.com.bd/hp-pavilion-gaming-15-ec2908ax-ryzen-7-5800h-laptop
"Microsoft Surface Pro X SQ2 16GB RAM 256GB SSD 13"" Touch Laptop",https://www.startech.com.bd/microsoft-surface-pro-x-sq2-13-inch-laptop
Apple MacBook Air 13.3-Inch Retina Display 8-core Apple M1 Chip 16GB RAM 256GB SSD Space Gray (Z124000AL),https://www.startech.com.bd/apple-macbook-air-13-3-inch-m1-chip-16gb-ram-256gb-ssd
"MSI Prestige 14 A11SB Core i7 11th Gen MX450 2GB Graphics 14"" FHD Laptop",https://www.startech.com.bd/msi-prestige-14-a11sb-core-i7-11th-gen-fhd-laptop
"MSI Cyborg 15 A12VE Core i5 12th Gen RTX 4050 6GB Graphics 15.6"" FHD Gaming Laptop",https://www.startech.com.bd/msi-cyborg-15-a12ve-core-i5-12th-gen-fhd-gaming-laptop
Apple MacBook Air (2022) Apple M2 Chip 13.6-Inch Liquid Retina Display 8GB RAM 256GB SSD Starlight #MLY13LL/A / MLY13ZP/A,https://www.startech.com.bd/apple-macbook-air-2022-m2-chip-13-6-inch-starlight
Apple MacBook Air (2022) Apple M2 Chip 13.6-Inch Liquid Retina Display 8GB RAM 256GB SSD Silver #MLXY3LL/A / MLXY3ZP/A,https://www.startech.com.bd/apple-macbook-air-2022-m2-chip-13-6-inch-silver
"HP Victus 16-d0445TX Core i7 11th Gen RTX 3050 4GB Graphics 16.1"" FHD Gaming Laptop",https://www.startech.com.bd/hp-victus-16-d0445tx-core-i7-11th-gen-gaming-laptop
"Microsoft Surface Laptop 4 Core i5 11th Gen 16GB RAM 512GB SSD 13.5"" Multi Touch Display Laptop (5AI-00085)",https://www.startech.com.bd/microsoft-surface-laptop-4-core-i5-11th-gen-16gb-ram-laptop
"MSI Summit E14 A11SCS Core i7 11th Gen GTX 1650 Ti Max-Q 4GB Graphics 14"" UHD Laptop",https://www.startech.com.bd/msi-summit-e14-a11scs-core-i7-11th-gen-uhd-laptop
"Asus ROG Strix G15 G513IE AMD Ryzen 7 4800H RTX 3050Ti 4GB Graphics 15.6"" FHD Gaming Laptop",https://www.startech.com.bd/asus-rog-strix-g15-g513ie-ryzen-7-fhd-gaming-laptop
"Dell Latitude 5320 Core i7 11th Gen 13.3"" FHD Laptop",https://www.startech.com.bd/dell-latitude-5320-core-i7-11th-gen-laptop
"Microsoft Surface Pro 9 Core i5 12th Gen 13"" Multi-Touch Laptop (QEZ-00052)",https://www.startech.com.bd/microsoft-surface-pro-9-core-i5-12th-gen-laptop
"HP Victus 16-e0890AX Ryzen 7 5800H RTX 3050 4GB Graphics 16.1"" FHD Gaming Laptop",https://www.startech.com.bd/hp-victus-16-e0890ax-ryzen-7-5800h-gaming-laptop
"ASUS TUF Gaming F15 FX506HE Core i7 11th Gen RTX 3050Ti 4GB Graphics 15.6"" FHD Gaming Laptop",https://www.startech.com.bd/asus-tuf-gaming-f15-fx506he-i7-11th-gen-rtx-3050ti-4gb-graphics-laptop
"MSI Katana GF66 12UC Core i7 12th Gen RTX 3050 4GB Graphics 15.6"" FHD Gaming Laptop",https://www.startech.com.bd/msi-katana-gf66-12uc-12th-gen-gaming-laptop
"Microsoft Surface Pro 8 Core i5 11th Gen 8GB RAM 256GB SSD 13"" MultiTouch 2-in-1 Detachable Laptop With Keyboard (IUS-00001)",https://www.startech.com.bd/microsoft-surface-pro-8-core-i5-11th-gen-13-inch-laptop
"ASUS Zenbook S 13 OLED UM5302TA-LX168W Ryzen 7 6800U 13.3"" 2.8K Touch Laptop",https://www.startech.com.bd/asus-zenbook-s-13-oled-um5302ta-ryzen-7-6800u-laptop
"ASUS TUF Gaming F15 FX506HC Core i7 11th Gen RTX 3050 4GB Graphics 15.6"" Gaming Laptop with Windows 11",https://www.startech.com.bd/asus-tuf-gaming-f15-fx506hcb-core-i7-11th-gen-rtx-3050-4gb-graphics-laptop
"Acer Nitro 5 AN515-58-79MU Core i7 12th Gen RTX 3050Ti 4GB Graphics 15.6"" FHD 144Hz Gaming Laptop",https://www.startech.com.bd/acer-nitro-5-an515-58-79mu-core-i7-12th-gen-gaming-laptop
"Microsoft Surface Laptop 5 Core i5 12th Gen 16GB RAM 512GB SSD 13.5"" QHD Multi-Touch Laptop (R8N-00001)",https://www.startech.com.bd/microsoft-surface-laptop-5-core-i5-12th-gen-touch-laptop
"GIGABYTE AORUS 15 9MF Core i5 12th Gen RTX 4050 6GB Graphics 15.6"" FHD 360Hz Gaming Laptop",https://www.startech.com.bd/gigabyte-aorus-15-9mf-core-i5-12th-gen-gaming-laptop
"Samsung Galaxy Book2 Business Core i7 12th Gen 14"" FHD Laptop",https://www.startech.com.bd/samsung-galaxy-book2-business-core-i7-12th-gen-laptop
"Asus TUF Gaming F15 FX507ZC Core i7 12th Gen RTX 3050 4GB Graphics 15.6"" FHD Gaming Laptop",https://www.startech.com.bd/asus-tuf-gaming-f15-fx507zc-core-i7-12th-gen-fhd-gaming-laptop
"Acer Predator Helios 300 PH315-54-736E Core i7 11th Gen RTX 3050 Ti 4GB Graphics 15.6"" QHD 165Hz Gaming Laptop",https://www.startech.com.bd/acer-predator-helios-300-ph315-54-736e-gaming-laptop
"MSI Cyborg 15 A12VF Core i7 12th Gen RTX 4060 8GB Graphics 15.6"" FHD Gaming Laptop",https://www.startech.com.bd/msi-cyborg-15-a12vf-core-i7-12th-gen-fhd-gaming-laptop
"Microsoft Surface Pro 9 Core i7 12th Gen 16GB RAM 256GB SSD 13"" Multi-Touch Laptop (QIL-00018)",https://www.startech.com.bd/microsoft-surface-pro-9-core-i7-12th-gen-touch-laptop
"Asus Vivobook Pro 16X OLED N7600PC Core i7 11th Gen RTX3050 4GB Graphics 16"" 4K Gaming Laptop",https://www.startech.com.bd/asus-vivobook-pro-16x-oled-n7600pc-core-i7-gaming-laptop
"Dell XPS 13 9310 Core i5 11th Gen 512GB SSD 13.4"" Full HD Laptop",https://www.startech.com.bd/dell-xps-13-9310-11th-gen-512gb-ssd-laptop
"MSI Katana GF66 12UD Core i7 12th Gen RTX 3050 Ti 4GB Graphics 15.6"" FHD Gaming Laptop",https://www.startech.com.bd/msi-katana-gf66-12ud-12th-gen-gaming-laptop
"MSI Creator M16 A12UC Core i7 12th Gen RTX 3050 4GB Graphics 16"" QHD+ Laptop",https://www.startech.com.bd/msi-creator-m16-a12uc-core-i7-12th-gen-laptop
"Lenovo Yoga Slim 7i Pro Core i7 12th Gen MX550 2GB Graphics 14"" 2.8K Laptop",https://www.startech.com.bd/lenovo-yoga-slim-7i-pro-core-i7-12th-gen-laptop
"Lenovo Yoga Slim 7 Carbon 14ACN6 Ryzen 7 5800U MX450 2GB Graphics 14"" 2.8K OLED Display Laptop",https://www.startech.com.bd/lenovo-yoga-slim-7-carbon-14acn6-ryzen-7-laptop
"MSI Delta 15 A5EFK Ryzen 7 5800H RX 6700M 10GB Graphics 15.6"" FHD Gaming Laptop",https://www.startech.com.bd/msi-delta-15-a5efk-gaming-laptop
"Microsoft Surface Laptop 4 Core i7 11th Gen 16GB RAM 512GB SSD 15"" Multi Touch Display Laptop (5IM-00053)",https://www.startech.com.bd/microsoft-surface-laptop-4-core-i7-11th-gen-laptop
"Acer Predator Helios 300 PH315-54-77MK Core i7 11th Gen RTX 3060 6GB Graphics 15.6"" QHD 165Hz Gaming Laptop",https://www.startech.com.bd/acer-predator-helios-300-ph315-54-77mk-gaming-laptop
Apple MacBook Pro 13.3-Inch Retina Display M2 Chip 8GB RAM 512GB SSD Silver (MNEQ3),https://www.startech.com.bd/apple-macbook-pro-13-inch-m2-chip-8gb-ram-512gb-ssd-silver
"ASUS Zenbook S 13 Flip OLED UP5302ZA-LX155W Core i7 12th Gen 13.3"" 2.8K Touch Laptop",https://www.startech.com.bd/asus-zenbook-s-13-oled-up5302za-core-i7-12th-gen-laptop
"ASUS TUF Gaming A15 FA507ZC Core i7 12th Gen RTX 3050 4GB Graphics 15.6"" FHD Gaming Laptop",https://www.startech.com.bd/asus-tuf-gaming-a15-fa507zc-core-i7-12th-gen-laptop
"MSI Katana 15 B13VEK Core i7 13th Gen 16GB RAM RTX 4050 6GB Graphics 15.6"" FHD 144Hz Gaming Laptop",https://www.startech.com.bd/msi-katana-15-b13vek-core-i7-13th-gen-gaming-laptop
"Lenovo ThinkPad P14s Gen 2 Core i7 11th Gen T500 4GB Graphics Card 14"" FHD Business Laptop",https://www.startech.com.bd/lenovo-thinkpad-p14s-gen-2-core-i7-11th-gen-laptop
"MSI Katana 17 B13VEK Core i7 13th Gen 16GB RAM RTX 4050 6GB Graphics 17.3"" FHD 144Hz Gaming Laptop",https://www.startech.com.bd/msi-katana-17-b13vek-core-i7-13th-gen-gaming-laptop
"MSI Pulse GL66 12UEK Core i7 12th Gen RTX 3060 6GB Graphics 15.6"" FHD Gaming Laptop",https://www.startech.com.bd/msi-pulse-gl66-12uek-core-i7-12th-gen-gaming-laptop
"Microsoft Surface Pro 9 Core i7 12th Gen 16GB RAM 512GB SSD 13"" Multi-Touch Laptop (QIX-00018)",https://www.startech.com.bd/microsoft-surface-pro-9-core-i7-12th-gen-13-inch-laptop
"Acer Nitro 5 AN515-58-74EF Core i7 12th Gen RTX 3060 6GB Graphics 15.6"" QHD 165Hz Gaming Laptop",https://www.startech.com.bd/acer-nitro-5-an515-58-74ef-core-i7-12th-gen-gaming-laptop
"MSI Vector GP66 12UE Core i7 12th Gen RTX 3060 6GB Graphics 15.6"" FHD Gaming Laptop",https://www.startech.com.bd/msi-vector-gp66-12ue-core-i7-12th-gen-gaming-laptop
"Acer Predator Helios 300 PH315-54-78C9 Core i7 11th Gen RTX 3070 8GB Graphics 15.6"" FHD 300Hz Gaming Laptop",https://www.startech.com.bd/acer-predator-helios-300-ph315-54-78c9-fhd-gaming-laptop
"Dell XPS 13 9315 Intel Core i7 12th Gen 13.4"" FHD Touch Laptop",https://www.startech.com.bd/dell-xps-13-9315-intel-core-i7-12th-gen-fhd-laptop
GIGABYTE AERO 5 KE4 Core i7 12th Gen RTX 3060 6GB Graphics 15.6'' 4K UHD OLED Gaming Laptop,https://www.startech.com.bd/gigabyte-aero-5-ke4-core-i7-12th-gen-gaming-laptop
"MSI Vector GP66 12UEO Core i7 12th Gen RTX 3060 6GB Graphics 15.6"" FHD 240Hz Gaming Laptop",https://www.startech.com.bd/msi-vector-gp66-12ueo-core-i7-12th-gen-gaming-laptop
GIGABYTE AORUS 5 SE4 Core i7 12th Gen RTX 3070 8GB Graphics 15.6'' FHD 240Hz Gaming Laptop,https://www.startech.com.bd/gigabyte-aorus-5-se4-core-i7-12th-gen-gaming-laptop
"MSI Sword 15 A12VF Core i7 12th Gen 16GB RAM RTX 4060 8GB Graphics 15.6"" FHD 144Hz Gaming Laptop",https://www.startech.com.bd/msi-sword-15-a12vf-core-i7-12th-gen-gaming-laptop
"Asus ROG Strix G16 G614JV Core i7 13th Gen RTX 4060 8GB Graphics 16"" QHD+ Gaming Laptop",https://www.startech.com.bd/asus-rog-strix-g16-g614jv-core-i7-13th-gen-gaming-laptop
GIGABYTE AORUS 15 XE4 Core i7 12th Gen RTX 3070 Ti 8GB Graphics 15.6'' FHD 165Hz Gaming Laptop,https://www.startech.com.bd/gigabyte-aorus-15-xe4-core-i7-12th-gen-gaming-laptop
"MSI Summit E16Flip A12UCT Core i7 12th Gen RTX 3050 4GB Graphics 16"" QHD+ 165Hz Touch Laptop",https://www.startech.com.bd/msi-summit-e16flip-a12uct-core-i7-12th-gen-touch-laptop
"Microsoft Surface Laptop Studio Core i7 11th Gen 32GB RAM 2TB SSD 14.4"" Touchscreen 2-in-1 Laptop (AI2-00001)",https://www.startech.com.bd/microsoft-surface-laptop-studio-core-i7-11th-gen-laptop
"ASUS ZenBook Pro Duo 15 OLED UX582HM Core i7 11th Gen RTX 3060 6GB Graphics 15.6"" 4K Touch Dual Display Laptop",https://www.startech.com.bd/asus-zenbook-pro-duo-15-oled-ux582hm-core-i7-11th-gen-laptop
"ASUS ROG FLOW Z13 GZ301ZE Core i9 12th Gen RTX 3050 Ti 4GB Graphics 13.4"" Gaming Laptop",https://www.startech.com.bd/asus-rog-flow-z13-gz301ze-core-i9-gaming-laptop
"Razer Blade 15 Advanced Model Core i7 11th Gen 16GB RAM RTX3070 8GB Graphics 15.6"" FHD 360Hz Gaming Laptop",https://www.startech.com.bd/razer-blade-15-advanced-model-i7-11th-gen-rtx3070-gaming-laptop
"Dell XPS 13 Plus 9320 Intel Core i7 12th Gen 13.4"" 3.5K OLED Touch Laptop",https://www.startech.com.bd/dell-xps-13-plus-9320-intel-core-i7-12th-gen-laptop
"MSI Vector GP77 13VF Core i7 13th Gen 16GB RAM 2TB SSD RTX 4060 8GB Graphics 17.3"" 2K QHD 240Hz Gaming Laptop",https://www.startech.com.bd/msi-vector-gp77-13vf-core-i7-13th-gen-gaming-laptop
"Dell Latitude 9430 2-in-1 Core i7 12th Gen 14"" QHD+ Touch Laptop",https://www.startech.com.bd/dell-latitude-9430-2-in-1-core-i7-12th-gen-touch-laptop
"Razer Blade 15 Advanced Model Core i7 11th Gen RTX 3070 8GB Graphics 15.6"" QHD Gaming Laptop",https://www.startech.com.bd/razer-blade-15-advanced-model-core-i7-11th-gen-gaming-laptop
"MSI Vector GP77 13VG Core i7 13th Gen 16GB RAM 2TB SSD RTX 4070 8GB Graphics 17.3"" 2K QHD 240Hz Gaming Laptop",https://www.startech.com.bd/msi-vector-gp77-13vg-core-i7-13th-gen-gaming-laptop
"Dell XPS 15 9520 Core i9 12th Gen RTX 3050 Ti 4GB Graphics 15.6"" OLED 3.5K Touch Laptop",https://www.startech.com.bd/dell-xps-15-9520-core-i9-12th-gen-laptop
Apple MacBook Pro 16-Inch M1 Max Chip 64GB RAM 1TB SSD Space Gray (Z14V0016S),https://www.startech.com.bd/apple-macbook-pro-16-inch-m1-max-chip-1tb-ssd-space-gray
Apple MacBook Pro 16-Inch M1 Max Chip 32GB RAM 2TB SSD Space Gray (Z14V0016X),https://www.startech.com.bd/apple-macbook-pro-16-inch-m1-max-chip-2tb-ssd-space-gray
"Dell XPS 15 9520 Core i9 12th Gen RTX 3050 Ti 4GB Graphics 32GB RAM 15.6"" OLED 3.5K Touch Laptop",https://www.startech.com.bd/dell-xps-15-9520-core-i9-12th-gen-oled-touch-laptop
"Dell XPS 17 9720 Core i7 12th Gen RTX 3060 6GB Graphics 17"" UHD Touch Laptop",https://www.startech.com.bd/dell-xps-17-9720-core-i7-12th-gen-touch-laptop
"MSI Raider GE66 Deluxe Edition 12UHS Core i9 12th Gen RTX 3080 Ti 16GB Graphics 15.6"" UHD Gaming Laptop",https://www.startech.com.bd/msi-raider-ge66-deluxe-edition-12uhs-core-i9-12th-gen-laptop
Apple MacBook Pro 16-Inch M1 Max Chip 64GB RAM 1TB SSD Space Gray Late 2021 (Z14X000CQ),https://www.startech.com.bd/apple-macbook-pro-16-inch-m1-max-64gb-ram-1tb-ssd-space-gray
"MSI Titan GT77HX 13VI Core i9 13th Gen 64GB RAM 4TB SSD RTX 4090 16GB Graphics 17.3"" 4K UHD 144Hz Gaming Laptop",https://www.startech.com.bd/msi-titan-gt77hx-13vi-core-i9-13th-gen-gaming-laptop
"Lenovo Yoga 7 14ARP8 AMD Ryzen 7 7735U 14"" OLED 2.8K Touch Laptop",https://www.startech.com.bd/lenovo-yoga-7-14arp8-amd-ryzen-7-7735u-laptop
"Lenovo IdeaPad Slim 3i Core i3 12th Gen 15.6"" FHD Laptop",https://www.startech.com.bd/lenovo-ideapad-slim-3i-core-i3-12th-gen-fhd-laptop
"MSI Modern 15 B11M Core i5 11th Gen 15.6"" FHD Laptop",https://www.startech.com.bd/msi-modern-15-b11m-core-i5-11th-gen-fhd-laptop
"MSI Modern 15 B13M Core i7 13th Gen 15.6"" FHD Laptop",https://www.startech.com.bd/msi-modern-15-b13m-core-i7-13th-gen-fhd-laptop
"Asus Vivobook S 16X S5602ZA Core i5 12th Gen 16"" WQXGA Display Laptop",https://www.startech.com.bd/asus-vivobook-s-16x-s5602za-i5-12th-gen-laptop
"Asus TUF Dash F15 FX517ZE Core i7 12th Gen RTX 3050 4GB Graphics 15.6"" FHD WV Gaming Laptop",https://www.startech.com.bd/asus-tuf-dash-f15-fx517ze-core-i7-12th-gen-fhd-gaming-laptop
Apple MacBook Pro 16-Inch M1 Pro Chip 16GB RAM 512GB SSD MK183ZP/A Space Gray 2021,https://www.startech.com.bd/apple-macbook-pro-16-inch-m1-pro-chip-space-gray
"Acer Aspire 3 A315-58 Core i3 1115G4 11th Gen 15.6"" FHD Laptop",https://www.startech.com.bd/acer-aspire-3-a315-58-core-i3-1115g4-11th-gen-fhd-laptop
"HP 15s-eq3619AU Ryzen 5 5625U 15.6"" FHD Laptop",https://www.startech.com.bd/hp-15s-eq3619au-ryzen-5-5625u-laptop
